gene_id,B_653_readcount,B_CON_readcount,log2FoldChange,pval,padj
Cluster-15354.132252,0,1295.556337,#NAME?,2.39E-92,4.92E-87
Cluster-15354.52838,322.0599474,0,Inf,1.41E-36,1.46E-31
Cluster-15354.137009,196.0382086,1.315115496,7.2198,1.65E-22,1.14E-17
Cluster-15354.5770,17.93104889,337.4674723,-4.2342,6.60E-21,3.40E-16
Cluster-15354.77834,274.3832608,1827.678467,-2.7357,1.25E-19,5.14E-15
Cluster-15354.104244,288.8560542,14.18290439,4.3481,1.30E-18,4.47E-14
Cluster-15354.15127,38.9342615,441.198382,-3.5023,4.57E-18,1.35E-13
Cluster-15354.86688,0,705.3667679,#NAME?,1.22E-17,3.14E-13
Cluster-15354.47145,513.2635119,3130.419846,-2.6086,4.55E-17,1.04E-12
Cluster-15354.104976,50.52944903,487.0885273,-3.269,6.11E-17,1.25E-12
Cluster-15354.63552,254.3583296,0,Inf,6.69E-17,1.25E-12
Cluster-15354.82424,501.7698866,55.40197028,3.179,3.86E-16,6.64E-12
Cluster-15354.83813,283.513319,0,Inf,1.22E-15,1.94E-11
Cluster-15354.88563,3.706690226,464.7539594,-6.9702,1.64E-15,2.41E-11
Cluster-15354.109335,229.1549307,12.93732231,4.1467,2.43E-15,3.34E-11
Cluster-15354.16367,0,108.126294,#NAME?,3.39E-15,4.36E-11
Cluster-15354.150048,44.40987978,413.6186868,-3.2193,8.60E-15,1.04E-10
Cluster-15354.86852,2138.291446,342.4390659,2.6425,1.86E-14,2.13E-10
Cluster-15354.104735,2756.904897,527.8775818,2.3848,3.85E-14,4.18E-10
Cluster-15354.12734,0,72.43207917,#NAME?,5.45E-14,5.35E-10
Cluster-15354.52835,0,70.60599726,#NAME?,5.42E-14,5.35E-10
Cluster-15354.125147,0.714488493,551.9854984,-9.5935,6.05E-14,5.67E-10
Cluster-15354.118960,0,68.12233439,#NAME?,1.38E-13,1.18E-09
Cluster-15354.13929,0,193.8386163,#NAME?,1.37E-13,1.18E-09
Cluster-44418.0,171.394701,8.579073855,4.3204,1.56E-13,1.28E-09
Cluster-15354.133828,40.86649417,339.2375185,-3.0533,4.55E-13,3.48E-09
Cluster-15354.61106,2909.28598,613.3988068,2.2458,4.52E-13,3.48E-09
Cluster-15354.52836,102.2586896,0,Inf,5.20E-13,3.83E-09
Cluster-15354.126198,0,63.70479342,#NAME?,8.35E-13,5.94E-09
Cluster-15354.69262,701.8341872,124.7353515,2.4923,9.52E-13,6.55E-09
Cluster-15354.150737,21.25679939,230.5255848,-3.4389,1.04E-12,6.89E-09
Cluster-15354.77817,58.45054082,393.1787313,-2.7499,1.46E-12,9.39E-09
Cluster-15354.73058,0,61.3923865,#NAME?,2.10E-12,1.31E-08
Cluster-15354.97991,397.3737754,46.31890637,3.1008,3.04E-12,1.84E-08
Cluster-15354.51831,76.04114499,0,Inf,3.50E-12,2.06E-08
Cluster-15354.81630,1900.033094,465.8392598,2.0281,8.60E-12,4.93E-08
Cluster-15354.83650,1842.770524,223.8941338,3.041,9.49E-12,5.29E-08
Cluster-15354.131538,204.6965988,984.5593206,-2.266,1.12E-11,6.06E-08
Cluster-15354.42734,31.25070636,267.8789165,-3.0996,2.37E-11,1.25E-07
Cluster-15354.49637,3.393534991,95.97118796,-4.8217,3.44E-11,1.77E-07
Cluster-15354.78460,292.052819,33.06563532,3.1428,4.58E-11,2.30E-07
Cluster-15354.134930,426.5623882,2450.985871,-2.5225,5.00E-11,2.46E-07
Cluster-15354.82146,176.6643708,14.43720688,3.6131,5.69E-11,2.72E-07
Cluster-15354.85354,1820.566557,426.4813747,2.0938,5.80E-11,2.72E-07
Cluster-15354.67457,1619.349944,417.5731861,1.9553,6.25E-11,2.86E-07
Cluster-15354.146712,103.5088479,530.1153926,-2.3566,9.79E-11,4.39E-07
Cluster-15354.81067,1159.145525,297.5651734,1.9618,1.72E-10,7.55E-07
Cluster-15354.127491,57.89993828,348.3585518,-2.5889,1.98E-10,8.52E-07
Cluster-15354.86854,845.2066441,201.0299699,2.0719,2.49E-10,1.03E-06
Cluster-15354.99018,185.9325516,20.12777276,3.2075,2.47E-10,1.03E-06
Cluster-15354.61145,1011.88492,254.2586926,1.9927,2.61E-10,1.06E-06
Cluster-15354.80568,23.35764228,198.4880873,-3.0871,3.15E-10,1.25E-06
Cluster-15354.108145,399.9675102,58.50448061,2.7733,3.31E-10,1.29E-06
Cluster-15354.133825,61.60768111,344.252499,-2.4823,4.37E-10,1.67E-06
Cluster-15354.97008,1682.613077,394.2326371,2.0936,4.84E-10,1.81E-06
Cluster-15354.43585,0,97.01105609,#NAME?,5.17E-10,1.91E-06
Cluster-15354.133826,136.9589617,9.431047376,3.8602,5.29E-10,1.91E-06
Cluster-15354.83514,1507.98725,421.4205142,1.8393,5.69E-10,2.02E-06
Cluster-15354.83503,236.1781038,31.03744342,2.9278,6.89E-10,2.41E-06
Cluster-15354.56897,0,46.7828973,#NAME?,7.15E-10,2.46E-06
Cluster-15354.82309,1270.15367,342.4635994,1.891,7.33E-10,2.48E-06
Cluster-15354.148169,7.655998174,118.5634692,-3.9529,9.69E-10,3.22E-06
Cluster-15354.37051,265.5903956,41.88518983,2.6647,1.04E-09,3.40E-06
Cluster-44011.0,0,44.06298284,#NAME?,1.21E-09,3.90E-06
Cluster-15354.80589,102.7767864,5.271559533,4.2851,1.24E-09,3.94E-06
Cluster-15354.58926,112.1177217,6.001575603,4.2235,1.35E-09,4.23E-06
Cluster-15354.23564,0,43.87883888,#NAME?,1.39E-09,4.27E-06
Cluster-15354.63581,1195.268374,334.1967697,1.8386,1.55E-09,4.71E-06
Cluster-15354.61103,281.9598319,47.00916258,2.5845,1.68E-09,4.95E-06
Cluster-15354.81303,450.4908261,94.76060413,2.2491,1.67E-09,4.95E-06
Cluster-15354.122769,74.67802763,374.4020909,-2.3258,1.75E-09,5.07E-06
Cluster-15354.38585,380.7917878,75.05598193,2.343,1.85E-09,5.29E-06
Cluster-15354.32438,196.1588913,878.0287301,-2.1622,1.92E-09,5.44E-06
Cluster-15354.82253,630.1947231,150.223364,2.0687,1.98E-09,5.52E-06
Cluster-15354.103410,145.7816639,0,Inf,2.02E-09,5.56E-06
Cluster-15354.66970,56.25849774,0,Inf,2.08E-09,5.64E-06
Cluster-15354.69204,561.4869731,130.2641229,2.1078,2.22E-09,5.95E-06
Cluster-15354.81437,1989.960076,588.3329573,1.758,2.27E-09,6.01E-06
Cluster-15354.55216,1208.820753,3995.508992,-1.7248,2.84E-09,7.40E-06
Cluster-15354.125574,311.1302675,37.42232485,3.0555,3.20E-09,8.08E-06
Cluster-15354.56117,162.8181777,688.7954641,-2.0808,3.21E-09,8.08E-06
Cluster-15354.81274,643.6550295,156.3473525,2.0415,3.20E-09,8.08E-06
Cluster-15354.116223,110.3419881,6.430259574,4.101,3.40E-09,8.44E-06
Cluster-15354.46576,84.9358181,412.3556248,-2.2794,3.74E-09,9.18E-06
Cluster-15354.77820,100.4386772,606.3348826,-2.5938,3.97E-09,9.54E-06
Cluster-34796.3,29.31905555,246.6716855,-3.0727,3.98E-09,9.54E-06
Cluster-15354.50299,409.2959312,86.70208945,2.239,4.63E-09,1.10E-05
Cluster-15354.125411,51.88016499,0,Inf,4.79E-09,1.11E-05
Cluster-15354.81914,1607.730157,477.1418985,1.7525,4.76E-09,1.11E-05
Cluster-15354.97608,526.8165607,71.86151154,2.874,5.53E-09,1.27E-05
Cluster-37200.6,0,39.58246053,#NAME?,6.08E-09,1.38E-05
Cluster-15354.83961,7981.893001,2396.398863,1.7359,6.32E-09,1.42E-05
Cluster-15354.80028,3958.9586,734.6410337,2.43,7.05E-09,1.56E-05
Cluster-15354.84117,4923.807957,528.6712274,3.2193,7.58E-09,1.66E-05
Cluster-15354.88132,927.9090995,2966.826145,-1.6769,8.01E-09,1.74E-05
Cluster-15354.140529,1.566246919,78.05988757,-5.6392,9.01E-09,1.94E-05
Cluster-15354.78457,258.6560505,38.84478115,2.7352,9.14E-09,1.94E-05
Cluster-15354.81915,2109.668455,496.5679317,2.087,9.32E-09,1.94E-05
Cluster-15354.85341,1136.927839,328.4296015,1.7915,9.27E-09,1.94E-05
Cluster-15354.122773,47.6936571,262.6151516,-2.4611,1.00E-08,2.04E-05
Cluster-15354.63691,174.604717,21.64851735,3.0118,9.97E-09,2.04E-05
Cluster-15354.84838,6950.372224,1110.878344,2.6454,1.05E-08,2.10E-05
Cluster-15354.91585,0,239.4802317,#NAME?,1.05E-08,2.10E-05
Cluster-15354.127358,153.3729679,599.0952262,-1.9657,1.09E-08,2.14E-05
Cluster-15354.70899,1.566246919,59.53006382,-5.2482,1.08E-08,2.14E-05
Cluster-15354.145366,60.40175647,329.3405123,-2.4469,1.10E-08,2.15E-05
Cluster-15354.52152,551.3549675,137.2551028,2.0061,1.14E-08,2.19E-05
Cluster-15354.1729,92.51554827,413.0140006,-2.1584,1.18E-08,2.24E-05
Cluster-15354.90806,232.669146,0,Inf,1.36E-08,2.57E-05
Cluster-15354.127493,142.5287795,738.2826095,-2.3729,1.52E-08,2.84E-05
Cluster-15354.25620,0.522082306,46.01397032,-6.4617,1.61E-08,2.99E-05
Cluster-15354.27530,253.6290659,46.10476502,2.4597,1.66E-08,3.06E-05
Cluster-15354.13061,0,47.6055834,#NAME?,1.74E-08,3.17E-05
Cluster-15354.108475,47.87404215,0,Inf,1.88E-08,3.37E-05
Cluster-15354.87696,119.453557,9.859731347,3.5988,1.87E-08,3.37E-05
Cluster-36085.0,74.30407206,344.8036807,-2.2143,2.22E-08,3.94E-05
Cluster-15354.65917,25.05357019,176.832084,-2.8193,2.35E-08,4.14E-05
Cluster-15354.82637,2903.107579,955.2173891,1.6037,2.38E-08,4.17E-05
Cluster-15354.84841,1418.255894,205.4405034,2.7873,2.46E-08,4.27E-05
Cluster-15354.13839,114.8048714,466.0755655,-2.0214,2.55E-08,4.39E-05
Cluster-15354.85002,0,53.20379566,#NAME?,2.58E-08,4.40E-05
Cluster-15354.145487,133.2607779,529.3016277,-1.9898,2.77E-08,4.68E-05
Cluster-15354.25136,2.349370378,63.08149304,-4.7469,2.90E-08,4.86E-05
Cluster-15354.45591,56.29221071,0,Inf,2.99E-08,4.97E-05
Cluster-15354.20378,3.032496274,70.27747691,-4.5345,3.12E-08,5.15E-05
Cluster-15354.73060,297.6457151,57.50102296,2.3719,3.31E-08,5.36E-05
Cluster-15354.80933,534.0723717,1633.149,-1.6125,3.29E-08,5.36E-05
Cluster-15354.82957,864.7739659,75.63412031,3.5152,3.33E-08,5.36E-05
Cluster-15354.99765,1365.25118,428.4423097,1.672,3.36E-08,5.38E-05
Cluster-15354.89697,117.0917857,10.43092409,3.4887,3.40E-08,5.40E-05
Cluster-15354.65790,45.58556144,0,Inf,4.06E-08,6.39E-05
Cluster-15354.33813,269.684965,905.5022111,-1.7474,4.21E-08,6.53E-05
Cluster-15354.38859,45.36412071,0,Inf,4.20E-08,6.53E-05
Cluster-32018.0,28.27511484,182.8619591,-2.6932,4.37E-08,6.73E-05
Cluster-15354.17632,156.8348463,11.60134679,3.7569,4.46E-08,6.81E-05
Cluster-15354.61104,258.9547884,50.61176562,2.3552,4.70E-08,7.13E-05
Cluster-15354.12730,71.6571493,2.875396109,4.6393,5.08E-08,7.65E-05
Cluster-15354.98883,1178.782288,367.383537,1.6819,5.18E-08,7.75E-05
Cluster-15354.9013,0,63.35188624,#NAME?,5.64E-08,8.36E-05
Cluster-15354.13342,250.6070462,47.15657965,2.4099,5.89E-08,8.68E-05
Cluster-15354.151253,17.12142053,135.0351036,-2.9795,7.02E-08,0.00010265
Cluster-15354.69109,862.713546,2550.861064,-1.564,7.11E-08,0.00010322
Cluster-15354.13034,0,33.26657996,#NAME?,8.13E-08,0.00011726
Cluster-15354.84137,778.6957509,232.5994713,1.7432,8.53E-08,0.00012213
Cluster-15354.87160,816.5513508,243.2132661,1.7473,8.78E-08,0.00012492
Cluster-15354.61148,2065.610344,702.685541,1.5556,9.42E-08,0.000133
Cluster-15354.65741,42.34167547,0,Inf,9.84E-08,0.00013809
Cluster-15354.82105,249.4775694,48.92475824,2.3503,9.99E-08,0.00013924
Cluster-15354.46582,69.56123113,315.8813112,-2.183,1.05E-07,0.00014551
Cluster-26156.1,112.2034141,10.67889834,3.3933,1.07E-07,0.00014763
Cluster-16257.0,140.5346503,14.27173891,3.2997,1.10E-07,0.00015059
Cluster-15354.84875,0,168.4025187,#NAME?,1.15E-07,0.00015624
Cluster-15354.143612,152.1597005,21.55780751,2.8193,1.20E-07,0.00016066
Cluster-15354.90443,1274.639992,303.4605348,2.0705,1.20E-07,0.00016066
Cluster-15354.83385,13472.26639,4201.18804,1.6811,1.25E-07,0.00016583
Cluster-15354.57859,1705.166016,4953.779778,-1.5386,1.28E-07,0.00016937
Cluster-15354.95886,73.83533518,320.9418936,-2.1199,1.29E-07,0.00016949
Cluster-15354.89267,824.572617,109.4988344,2.9127,1.39E-07,0.0001814
Cluster-15354.28264,40.98744481,0,Inf,1.52E-07,0.00019719
Cluster-15354.53716,347.8425122,82.01937229,2.0844,1.54E-07,0.0001982
Cluster-15354.49807,371.3243289,90.31382986,2.0397,1.58E-07,0.00020263
Cluster-15354.84833,18169.9897,3800.627943,2.2572,1.61E-07,0.00020463
Cluster-15354.61102,259.0233117,53.9088075,2.2645,1.62E-07,0.00020488
Cluster-15354.85042,0,32.18771606,#NAME?,1.67E-07,0.0002096
Cluster-15354.114404,0,31.35785277,#NAME?,1.69E-07,0.00021118
Cluster-15354.139857,6.287216737,153.7362836,-4.6119,1.73E-07,0.00021388
Cluster-15354.98882,517.7154026,142.7425942,1.8587,1.73E-07,0.00021388
Cluster-15354.125660,114.7790159,8.322896047,3.7856,1.82E-07,0.00022265
Cluster-15354.70938,1197.407672,208.3834186,2.5226,1.82E-07,0.00022265
Cluster-15354.112607,123.9422744,0,Inf,1.89E-07,0.00022888
Cluster-15354.107632,1020.432837,333.2169582,1.6146,1.99E-07,0.00023987
Cluster-15354.104508,284.1656407,913.6460255,-1.6849,2.04E-07,0.00024367
Cluster-40262.4,85.50932091,5.426014806,3.9781,2.04E-07,0.00024367
Cluster-15354.81346,490.9632179,133.8735096,1.8747,2.08E-07,0.00024659
Cluster-15354.138581,130.7763317,9.580509489,3.7709,2.12E-07,0.00024928
Cluster-15354.84107,1185.104313,396.048432,1.5813,2.18E-07,0.00025569
Cluster-15354.104448,87.06961396,0,Inf,2.20E-07,0.00025668
Cluster-15354.83444,1772.274255,569.2329361,1.6385,2.22E-07,0.0002569
Cluster-15354.140308,1232.584853,99.69645842,3.628,2.30E-07,0.00026488
Cluster-15354.26170,245.661949,29.86608691,3.0401,2.32E-07,0.00026488
Cluster-15354.94407,41.58203474,257.1032347,-2.6283,2.32E-07,0.00026488
Cluster-15354.81913,956.1307103,267.1612098,1.8395,2.36E-07,0.00026705
Cluster-15354.89370,8.66985226,104.672528,-3.5937,2.37E-07,0.00026705
Cluster-15354.13930,167.6371274,586.5164601,-1.8068,2.39E-07,0.00026842
Cluster-15354.90506,76.96827684,4.640680708,4.0519,2.45E-07,0.00027287
Cluster-15354.109620,6.709301479,95.22075956,-3.827,2.48E-07,0.00027407
Cluster-15354.119685,0,30.1896141,#NAME?,2.51E-07,0.00027407
Cluster-15354.133526,363.1832293,90.96596227,1.9973,2.51E-07,0.00027407
Cluster-15354.73205,0,30.23383458,#NAME?,2.49E-07,0.00027407
Cluster-15354.83631,901.3083524,290.110797,1.6354,2.67E-07,0.00028985
Cluster-15354.84828,4377.81175,869.3026013,2.3323,2.68E-07,0.00028985
Cluster-15354.5780,0,74.5857169,#NAME?,2.86E-07,0.00030397
Cluster-15354.84835,438.8861464,41.49939127,3.4027,2.84E-07,0.00030397
Cluster-16181.0,0,30.16469473,#NAME?,2.84E-07,0.00030397
Cluster-15354.83603,336.7081822,48.40919993,2.7981,2.94E-07,0.00031138
Cluster-15354.69378,1068.403987,356.9602762,1.5816,3.00E-07,0.00031519
Cluster-44999.0,98.43727118,8.87001837,3.4722,3.05E-07,0.00031947
Cluster-15354.141528,0,29.47849788,#NAME?,3.10E-07,0.00032284
Cluster-15354.108597,2.085799578,54.67960981,-4.7123,3.15E-07,0.00032694
Cluster-15354.10984,38.67225761,0,Inf,3.20E-07,0.00032988
Cluster-15354.134070,429.4900526,67.99475867,2.6591,3.41E-07,0.00034858
Cluster-15354.38801,213.7160287,41.49016904,2.3649,3.41E-07,0.00034858
Cluster-15354.49794,13.29552586,194.3717087,-3.8698,3.87E-07,0.00039288
Cluster-15354.25822,1007.462869,337.1373005,1.5793,3.94E-07,0.00039787
Cluster-15354.69822,924.0077586,310.0299,1.5755,4.08E-07,0.00041052
Cluster-15354.115079,38.04778267,0,Inf,4.15E-07,0.00041481
Cluster-15354.131694,2.008232669,53.61121835,-4.7385,4.16E-07,0.00041481
Cluster-15354.85394,3368.637603,1248.591078,1.4319,4.18E-07,0.00041494
Cluster-15354.83970,18822.35661,4871.268957,1.9501,4.27E-07,0.00042131
Cluster-15354.69615,868.0398749,283.0451131,1.6167,4.32E-07,0.00042408
Cluster-15354.42735,69.53519644,372.6409118,-2.422,4.45E-07,0.00043325
Cluster-15354.78815,2.6525416,80.63176755,-4.9259,4.45E-07,0.00043325
Cluster-15354.98749,418.0978377,113.7553603,1.8779,4.53E-07,0.0004383
Cluster-15354.81376,760.774643,203.5769846,1.9019,5.09E-07,0.00049042
Cluster-15354.81215,178.9019001,603.1003744,-1.7532,5.14E-07,0.00049294
Cluster-15354.118344,71.50600039,295.884093,-2.0489,5.23E-07,0.00049909
Cluster-15354.141250,74.14743835,304.0264183,-2.0357,5.50E-07,0.00051989
Cluster-15354.36513,29.16316059,168.6357758,-2.5317,5.52E-07,0.00051989
Cluster-15354.82365,2327.137245,768.1125869,1.5992,5.50E-07,0.00051989
Cluster-15354.80249,2544.631866,938.7106562,1.4387,5.83E-07,0.00054661
Cluster-15354.46982,807.8949498,247.045422,1.7094,6.04E-07,0.0005633
Cluster-15354.48325,0,27.75110552,#NAME?,6.32E-07,0.00058752
Cluster-15354.43076,230.9175458,48.80435971,2.2423,6.47E-07,0.00059841
Cluster-15354.33805,141.6837601,20.46784606,2.7912,6.61E-07,0.00060893
Cluster-15354.116103,1917.898813,717.063895,1.4194,6.68E-07,0.00060937
Cluster-15354.77433,434.729456,122.8180426,1.8236,6.68E-07,0.00060937
Cluster-15354.47143,24.58064735,146.2207393,-2.5726,6.94E-07,0.00063025
Cluster-15354.3538,1.044164613,57.56204412,-5.7847,7.00E-07,0.00063098
Cluster-15354.48745,2.171805905,54.05795321,-4.6375,7.01E-07,0.00063098
Cluster-15354.138629,318.546334,62.19475282,2.3566,7.39E-07,0.00066223
Cluster-15354.144856,10.19426004,96.84581197,-3.2479,7.47E-07,0.00066656
Cluster-15354.58019,69.25519463,4.175979814,4.0517,7.59E-07,0.00067469
Cluster-15354.109995,754.2534657,68.4348489,3.4622,7.89E-07,0.000698
Cluster-15354.82473,8971.546229,3196.858381,1.4887,8.13E-07,0.00071649
Cluster-15354.36507,18.23204842,183.0673644,-3.3278,8.26E-07,0.00072184
Cluster-15354.44452,42.02921436,0.428683972,6.6153,8.26E-07,0.00072184
Cluster-15354.14145,50.87719063,228.3728579,-2.1663,8.74E-07,0.00075189
Cluster-15354.27157,418.0243691,1554.922665,-1.8952,8.73E-07,0.00075189
Cluster-15354.69514,1043.438665,358.6774199,1.5406,8.73E-07,0.00075189
Cluster-15354.93907,438.7279917,90.33179589,2.28,8.75E-07,0.00075189
Cluster-15354.68526,57.07625166,2.295065998,4.6363,8.86E-07,0.00075795
Cluster-15354.87557,221.165563,20.52098006,3.43,8.96E-07,0.00076339
Cluster-15354.82316,424.3518781,121.5093325,1.8042,9.38E-07,0.00079625
Cluster-12983.2,86.6257022,7.504354161,3.529,9.47E-07,0.00080044
Cluster-15354.82325,819.1791348,276.1314225,1.5688,9.51E-07,0.00080044
Cluster-15354.23461,539.2376977,165.0535466,1.708,9.59E-07,0.00080417
Cluster-15354.56444,342.8677539,69.26408707,2.3075,9.88E-07,0.00082188
Cluster-15354.82717,5558.876622,2073.734694,1.4226,9.87E-07,0.00082188
Cluster-15354.61105,310.9951471,79.82423836,1.962,1.01E-06,0.00083516
Cluster-15354.13469,146.4761849,489.5490689,-1.7408,1.03E-06,0.00084635
Cluster-15354.104637,496.5770683,150.3096132,1.7241,1.05E-06,0.00086253
Cluster-15354.70324,68.43106019,282.9588097,-2.0479,1.06E-06,0.00086525
Cluster-15354.82487,663.6696392,216.2961911,1.6175,1.07E-06,0.00087061
Cluster-15354.129446,0,26.49349208,#NAME?,1.08E-06,0.00087086
Cluster-15354.29120,699.6479634,233.6074049,1.5825,1.08E-06,0.00087086
Cluster-15354.72825,3094.378972,1172.079657,1.4006,1.08E-06,0.00087086
Cluster-15354.130614,3.244803469,68.67390963,-4.4036,1.13E-06,0.00091012
Cluster-15354.70551,67.76971607,3.858155745,4.1347,1.17E-06,0.000934
Cluster-15354.81569,2308.509743,886.7606304,1.3803,1.18E-06,0.000934
Cluster-15354.94800,172.5738527,554.3199154,-1.6835,1.18E-06,0.000934
Cluster-15354.2449,112.6259914,14.30361163,2.9771,1.20E-06,0.00095165
Cluster-15354.146375,113.0014245,14.56393364,2.9559,1.21E-06,0.0009535
Cluster-15354.79958,2270.068133,822.3081176,1.465,1.22E-06,0.00095474
Cluster-15354.39665,614.4712084,193.7867018,1.6649,1.23E-06,0.00095962
Cluster-15354.78600,205.8149725,639.422682,-1.6354,1.26E-06,0.00097693
Cluster-15354.82780,78.70866288,6.333931463,3.6353,1.27E-06,0.00098192
Cluster-15354.117310,2.893681745,87.35561106,-4.9159,1.30E-06,0.0010015
Cluster-15354.82121,496.213591,151.252613,1.714,1.31E-06,0.0010017
Cluster-32591.5,0,25.97066403,#NAME?,1.31E-06,0.0010017
Cluster-15354.139855,26.78361426,150.4280516,-2.4897,1.36E-06,0.0010317
Cluster-15354.63518,122.3825192,18.69007471,2.7111,1.36E-06,0.0010317
Cluster-15354.96163,683.9177108,223.935221,1.6107,1.35E-06,0.0010317
Cluster-49498.0,164.0505156,30.47837459,2.4283,1.37E-06,0.0010381
Cluster-15354.81265,88.28082073,8.376253895,3.3977,1.40E-06,0.0010557
Cluster-15354.134697,39.41134846,183.7914151,-2.2214,1.49E-06,0.0011147
Cluster-15354.85352,1488.016319,547.4388927,1.4426,1.50E-06,0.0011188
Cluster-15354.46635,0.636921584,36.39400967,-5.8364,1.53E-06,0.0011339
Cluster-15354.64626,747.3199532,250.5112194,1.5769,1.53E-06,0.0011339
Cluster-16681.0,108.101793,11.9261242,3.1802,1.55E-06,0.0011484
Cluster-15354.108047,155.3882975,27.02139816,2.5237,1.61E-06,0.0011786
Cluster-15354.138099,290.5975158,831.8790884,-1.5174,1.60E-06,0.0011786
Cluster-15354.76454,1125.791917,409.7560163,1.4581,1.61E-06,0.0011786
Cluster-15354.70951,3556.537603,1375.160175,1.3709,1.62E-06,0.0011839
Cluster-15354.58071,275.1789627,792.1572216,-1.5254,1.66E-06,0.0012033
Cluster-15354.57149,33.74909919,0,Inf,1.67E-06,0.0012103
Cluster-15354.25623,19.45174038,146.2876874,-2.9108,1.70E-06,0.0012209
Cluster-15354.51511,285.4732414,64.0918422,2.1551,1.70E-06,0.0012209
Cluster-15354.68700,626.3335474,203.3921307,1.6227,1.78E-06,0.0012714
Cluster-15354.63205,132.8205166,20.54589943,2.6926,1.80E-06,0.0012816
Cluster-15354.78938,1327.673185,495.1211039,1.423,1.82E-06,0.0012961
Cluster-15354.84013,22435.31763,7106.598902,1.6585,1.84E-06,0.0013069
Cluster-26979.3,0,25.18595503,#NAME?,1.86E-06,0.0013121
Cluster-15354.49048,645.9788331,177.8872788,1.8605,1.94E-06,0.0013631
Cluster-43964.1,54.04628504,2.259049075,4.5804,1.96E-06,0.0013772
Cluster-15354.81585,763.0896934,262.6432891,1.5387,2.03E-06,0.0014216
Cluster-15354.33817,745.3256414,1926.875343,-1.3703,2.12E-06,0.0014775
Cluster-15354.85222,33.05704135,0,Inf,2.14E-06,0.0014872
Cluster-15354.62464,1521.117501,586.6442209,1.3746,2.25E-06,0.0015547
Cluster-15354.72707,75.80329563,291.1697347,-1.9415,2.26E-06,0.0015547
Cluster-15354.97009,3038.865081,647.498854,2.2306,2.26E-06,0.0015547
Cluster-15354.74981,2147.890907,843.8405426,1.3479,2.33E-06,0.0015993
Cluster-15354.33046,61.56199111,3.646198416,4.0776,2.38E-06,0.0016263
Cluster-30718.2,75.46625448,6.153221742,3.6164,2.39E-06,0.0016263
Cluster-15354.17194,49.99691251,1.815833313,4.7831,2.47E-06,0.001675
Cluster-15354.84882,2152.523189,5564.359154,-1.3702,2.55E-06,0.0017264
Cluster-15354.149314,0.241140145,28.65714686,-6.8929,2.56E-06,0.0017268
Cluster-15354.108046,444.7766425,136.6798507,1.7023,2.68E-06,0.0017846
Cluster-15354.125451,451.7065784,138.7321672,1.7031,2.69E-06,0.0017846
Cluster-15354.136781,376.7675324,108.2152752,1.7998,2.70E-06,0.0017846
Cluster-15354.2927,0,24.37726048,#NAME?,2.66E-06,0.0017846
Cluster-15354.83674,421.3446347,121.0925179,1.7989,2.69E-06,0.0017846
Cluster-21775.1,63.35075315,1.7652846,5.1654,2.69E-06,0.0017846
Cluster-15354.64373,2057.308091,798.8859423,1.3647,2.71E-06,0.001785
Cluster-15354.71124,42.2306195,191.8493895,-2.1836,2.74E-06,0.0018014
Cluster-15354.17621,81.84865632,7.287627517,3.4894,2.76E-06,0.0018077
Cluster-15354.101361,2313.077883,5962.369108,-1.3661,2.78E-06,0.0018095
Cluster-15354.83659,4092.052565,1539.368602,1.4105,2.78E-06,0.0018095
Cluster-15354.64374,683.5913713,232.0922555,1.5584,2.80E-06,0.0018132
Cluster-15354.49376,52.90604075,2.216078811,4.5774,2.88E-06,0.0018592
Cluster-15354.54274,32.16315286,0,Inf,2.88E-06,0.0018592
Cluster-15354.101349,450.5391563,141.6885106,1.6689,2.99E-06,0.0019185
Cluster-15354.82331,1407.942834,540.7852307,1.3805,3.00E-06,0.0019185
Cluster-15354.111798,38.90370468,0,Inf,3.04E-06,0.0019379
Cluster-15354.88562,6428.244891,2221.345853,1.533,3.07E-06,0.0019518
Cluster-15354.135850,68.53231196,1.714735886,5.3207,3.09E-06,0.0019529
Cluster-15354.96904,31.8194855,0,Inf,3.08E-06,0.0019529
Cluster-15354.130947,155.4481563,491.9893138,-1.6622,3.15E-06,0.0019836
Cluster-15354.89272,2249.970109,478.8503369,2.2323,3.15E-06,0.0019836
Cluster-15354.63962,961.0093653,347.2425675,1.4686,3.23E-06,0.0020232
Cluster-15354.74503,624.5793689,209.7720961,1.5741,3.40E-06,0.0021279
Cluster-15354.83515,1408.272641,521.7197293,1.4326,3.49E-06,0.0021765
Cluster-15354.119051,646.2694236,158.2055617,2.0303,3.52E-06,0.0021781
Cluster-15354.339,10.26204453,91.32190243,-3.1536,3.51E-06,0.0021781
Cluster-47679.0,1.468779002,40.43630937,-4.783,3.53E-06,0.002181
Cluster-15354.148488,94.66859511,324.2583215,-1.7762,3.55E-06,0.002184
Cluster-15354.64951,849.1330513,307.5921632,1.465,3.57E-06,0.0021898
Cluster-15354.83117,3064.922375,1224.92299,1.3232,3.59E-06,0.0021952
Cluster-15354.40694,158.1581628,25.70651421,2.6212,3.65E-06,0.0022197
Cluster-15354.59913,1020.028304,381.1474116,1.4202,3.64E-06,0.0022197
Cluster-15354.39547,364.3005945,981.4441925,-1.4298,3.69E-06,0.0022379
Cluster-15354.66454,30.92673841,0,Inf,3.78E-06,0.0022845
Cluster-54373.4,69.03888021,5.346402512,3.6908,3.79E-06,0.0022856
Cluster-15354.69513,1591.457115,618.0312533,1.3646,3.80E-06,0.0022866
Cluster-42203.0,4.939880902,61.15417472,-3.6299,3.88E-06,0.002329
Cluster-15354.87806,2221.719955,882.4733204,1.3321,4.02E-06,0.0024035
Cluster-44466.0,0,22.97206025,#NAME?,4.08E-06,0.002432
Cluster-15354.102267,88.46290727,10.00981857,3.1437,4.12E-06,0.0024491
Cluster-15354.58899,61.56196879,4.053397256,3.9248,4.22E-06,0.0025033
Cluster-15354.85346,1218.352843,464.8357019,1.3901,4.33E-06,0.0025547
Cluster-25680.0,89.75313675,10.35826514,3.1152,4.34E-06,0.0025547
Cluster-15354.90278,1404.879469,555.1496781,1.3395,4.36E-06,0.002564
Cluster-15354.138630,158.9882288,19.51134087,3.0265,4.38E-06,0.0025665
Cluster-43964.2,30.5676698,0,Inf,4.45E-06,0.0026005
Cluster-15354.51379,39.09611086,0,Inf,4.52E-06,0.0026325
Cluster-15354.140299,189.5931709,24.49984304,2.9521,4.56E-06,0.0026356
Cluster-15354.17636,56.43877054,3.268063158,4.1102,4.55E-06,0.0026356
Cluster-15354.50483,1546.773703,549.1305458,1.494,4.55E-06,0.0026356
Cluster-15354.54714,601.741774,204.5006833,1.557,4.60E-06,0.0026475
Cluster-15354.123373,472.2949361,154.033865,1.6164,4.67E-06,0.0026833
Cluster-15354.83992,1911.076201,698.2165793,1.4526,4.74E-06,0.0027137
Cluster-15354.61032,367.2222146,109.7986076,1.7418,4.80E-06,0.0027413
Cluster-15354.77405,1129.888365,360.3380569,1.6488,5.04E-06,0.0028692
Cluster-15354.90815,1142.816787,2825.340516,-1.3058,5.06E-06,0.002874
Cluster-15354.35777,30.18003685,0,Inf,5.09E-06,0.0028774
Cluster-15354.62268,477.6765788,134.5640822,1.8277,5.09E-06,0.0028774
Cluster-15354.135892,1.997263604,44.92886304,-4.4915,5.45E-06,0.0030725
Cluster-15354.149322,31.17152783,149.337465,-2.2603,5.49E-06,0.0030825
Cluster-15354.46972,128.7317,21.8888283,2.5561,5.56E-06,0.0031064
Cluster-15354.81935,486.286169,160.7958554,1.5966,5.55E-06,0.0031064
Cluster-15354.83707,2117.709664,855.1545799,1.3082,5.60E-06,0.0031221
Cluster-15354.31377,0,22.30993382,#NAME?,5.76E-06,0.0032043
Cluster-15354.78814,1299.893895,513.6393283,1.3396,5.81E-06,0.0032128
Cluster-15354.81743,965.7521393,340.8302739,1.5026,5.80E-06,0.0032128
Cluster-15354.11628,0,22.04265846,#NAME?,5.94E-06,0.0032771
Cluster-44147.0,0.502181299,29.94038964,-5.8977,5.98E-06,0.0032891
Cluster-15354.118685,0,37.24638445,#NAME?,6.01E-06,0.0032952
Cluster-15354.128316,380.3528002,116.9121623,1.7019,6.13E-06,0.003344
Cluster-15354.74456,1446.209239,569.321493,1.345,6.13E-06,0.003344
Cluster-15354.125796,166.8942549,34.9057629,2.2574,6.19E-06,0.0033683
Cluster-15354.107117,62.47878046,4.286839716,3.8654,6.23E-06,0.0033822
Cluster-15354.142383,64.67149475,243.4958604,-1.9127,6.26E-06,0.003386
Cluster-15354.80492,1004.37358,377.0605984,1.4134,6.33E-06,0.0034198
Cluster-15354.46122,0,65.09872639,#NAME?,6.36E-06,0.0034236
Cluster-15354.60731,27.58916837,143.6075328,-2.38,6.56E-06,0.0035137
Cluster-15354.88622,4227.313759,1727.364466,1.2912,6.54E-06,0.0035137
Cluster-15354.131395,5.556699885,64.56434539,-3.5384,6.58E-06,0.0035147
Cluster-15354.17362,119.8371833,19.89517925,2.5906,6.72E-06,0.0035791
Cluster-15354.85914,640.0074386,225.8228643,1.5029,6.75E-06,0.0035896
Cluster-15354.143223,0,40.75538366,#NAME?,6.79E-06,0.003599
Cluster-15354.65942,100.5132208,342.6402033,-1.7693,6.81E-06,0.0036015
Cluster-15354.23044,29.38460132,0,Inf,6.97E-06,0.0036771
Cluster-15354.127769,165.7085669,36.15713296,2.1963,7.02E-06,0.0036919
Cluster-32641.0,54.59487224,3.145480599,4.1174,7.13E-06,0.003744
Cluster-15354.104000,138.6759555,24.92906726,2.4758,7.33E-06,0.0038391
Cluster-15354.80741,29.24782391,0,Inf,7.36E-06,0.0038406
Cluster-15354.123827,294.4658085,84.50499534,1.801,7.46E-06,0.0038693
Cluster-15354.147020,0,28.4085475,#NAME?,7.47E-06,0.0038693
Cluster-35269.0,1.679049075,45.43644934,-4.7581,7.44E-06,0.0038693
Cluster-15354.150046,141.4868754,456.5623513,-1.6901,7.56E-06,0.0039085
Cluster-15354.45839,0,22.24547842,#NAME?,7.80E-06,0.0040141
Cluster-15354.77452,83.36793779,8.144995461,3.3555,7.82E-06,0.0040141
Cluster-20574.0,35.48751512,0,Inf,7.82E-06,0.0040141
Cluster-15354.87657,2495.145261,972.6041175,1.3592,7.85E-06,0.0040181
Cluster-15354.90508,1021.032374,394.3618259,1.3724,7.89E-06,0.0040278
Cluster-15354.4249,0,21.78429663,#NAME?,8.05E-06,0.0040973
Cluster-15354.60252,415.1605935,132.4882356,1.6478,8.16E-06,0.0041476
Cluster-15354.75383,467.1724549,157.7174154,1.5666,8.21E-06,0.0041624
Cluster-15354.106004,756.4705401,279.5696381,1.4361,8.32E-06,0.0041994
Cluster-15354.30807,55.41730519,219.9614668,-1.9888,8.37E-06,0.0041994
Cluster-15354.37135,0,21.43803408,#NAME?,8.37E-06,0.0041994
Cluster-15354.84827,181.5796487,21.19701318,3.0987,8.37E-06,0.0041994
Cluster-15354.59559,849.1252613,318.1647935,1.4162,8.48E-06,0.0042458
Cluster-15354.78607,850.9459455,321.842417,1.4027,8.51E-06,0.0042486
Cluster-15354.73084,253.4499116,67.64903638,1.9056,8.59E-06,0.0042773
Cluster-15354.87581,48.49921122,2.193968571,4.4663,8.63E-06,0.0042904
Cluster-15354.90774,90.78476538,11.85346525,2.9371,8.72E-06,0.0043237
Cluster-15354.68702,1014.090083,374.8243772,1.4359,8.75E-06,0.004325
Cluster-15354.69209,237.0445242,63.13266686,1.9087,8.77E-06,0.004325
Cluster-15354.68515,429.4312688,1079.763318,-1.3302,8.84E-06,0.0043345
Cluster-15354.84420,162.6319933,34.60786504,2.2324,8.85E-06,0.0043345
Cluster-15354.84698,4461.829722,1615.814881,1.4654,8.84E-06,0.0043345
Cluster-24398.0,80.12519322,9.158778858,3.129,9.11E-06,0.0044536
Cluster-15354.97383,887.3919774,336.4357847,1.3992,9.49E-06,0.0046259
Cluster-15354.134067,42.0527194,1.329647287,4.9831,9.51E-06,0.0046268
Cluster-34796.1,8.03138608,74.31571726,-3.2099,9.56E-06,0.004639
Cluster-15354.39559,525.9336654,182.3333431,1.5283,9.65E-06,0.0046621
Cluster-15354.86284,555.1056903,191.9515674,1.532,9.63E-06,0.0046621
Cluster-15354.82999,5316.62041,1519.36352,1.807,9.87E-06,0.0047577
Cluster-15354.141493,33.66492839,0.443215762,6.2471,1.00E-05,0.0047924
Cluster-15354.83960,104.8804504,15.66990094,2.7427,1.00E-05,0.0047924
Cluster-15354.85472,856.0205908,2115.384218,-1.3052,1.00E-05,0.0047924
Cluster-15354.85260,277.8749567,1012.188639,-1.865,1.01E-05,0.0048323
Cluster-15354.111699,1.305205766,35.12404846,-4.7501,1.02E-05,0.0048546
Cluster-15354.75877,62.53949086,4.875373384,3.6812,1.03E-05,0.0049069
Cluster-15354.78453,109.9490943,17.54323631,2.6478,1.04E-05,0.0049069
Cluster-15354.96402,1014.629088,395.3603675,1.3597,1.04E-05,0.004942
Cluster-15354.145367,16.89581622,103.8593805,-2.6199,1.05E-05,0.0049463
Cluster-15354.91060,5520.744168,2299.307723,1.2637,1.05E-05,0.0049483
Cluster-15354.101044,774.0150522,290.1176655,1.4157,1.07E-05,0.0050007
Cluster-15354.84144,3538.991973,1479.385899,1.2583,1.07E-05,0.0050007
Cluster-15354.51645,35.88931858,162.4586226,-2.1784,1.07E-05,0.0050214
Cluster-15354.106084,391.7720818,125.7541435,1.6394,1.08E-05,0.0050279
Cluster-15354.121982,61.43963044,1.329647287,5.5301,1.08E-05,0.0050279
Cluster-15354.64541,117.5643724,20.36113036,2.5296,1.08E-05,0.0050279
Cluster-15354.691,84.53385828,10.206619,3.05,1.08E-05,0.0050279
Cluster-15354.30173,240.1041524,64.30714891,1.9006,1.10E-05,0.0050645
Cluster-15354.47795,332.8957857,862.4121867,-1.3733,1.10E-05,0.0050753
Cluster-15354.83555,874.7021233,331.3253174,1.4005,1.10E-05,0.0050753
Cluster-15354.112052,581.6734855,117.5461125,2.307,1.12E-05,0.0051408
Cluster-15354.74517,1393.212448,561.4897143,1.3111,1.12E-05,0.0051442
Cluster-15354.62857,900.0111818,345.366423,1.3818,1.16E-05,0.0052888
Cluster-15354.132129,534.9942844,189.6213719,1.4964,1.17E-05,0.005334
Cluster-15354.61935,950.6435846,367.5845664,1.3708,1.17E-05,0.005334
Cluster-15354.94429,6.330891401,91.08017156,-3.8467,1.21E-05,0.0055167
Cluster-15354.47323,0,20.37151795,#NAME?,1.25E-05,0.0056435
Cluster-15354.72986,1846.381289,768.3652456,1.2648,1.26E-05,0.0057071
Cluster-15354.82887,3135.467176,1314.918972,1.2537,1.26E-05,0.0057071
Cluster-15354.65291,1489.318749,606.651225,1.2957,1.27E-05,0.0057254
Cluster-15354.80463,2734.635411,1156.536351,1.2415,1.28E-05,0.0057513
Cluster-15354.22747,27.63586521,0,Inf,1.29E-05,0.0057637
Cluster-15354.68622,170.936755,39.61566832,2.1093,1.29E-05,0.0057637
Cluster-15354.115471,1165.534957,476.7354016,1.2897,1.31E-05,0.0058315
Cluster-15354.93511,757.5265236,288.8416306,1.391,1.32E-05,0.005874
Cluster-15354.27517,81.69551438,9.893564243,3.0457,1.33E-05,0.0058876
Cluster-15354.83070,4137.116183,1538.825361,1.4268,1.33E-05,0.0058876
Cluster-15354.55961,466.6090259,159.9880175,1.5443,1.33E-05,0.0058894
Cluster-15354.151091,7.273222922,67.75279625,-3.2196,1.35E-05,0.0059674
Cluster-15354.76843,3262.512213,1384.898389,1.2362,1.35E-05,0.0059674
Cluster-39136.1,32.46464491,0.479232685,6.082,1.36E-05,0.00598
Cluster-15354.94445,2987.505099,1303.574019,1.1965,1.38E-05,0.0060694
Cluster-15354.91768,475.5885858,165.2862173,1.5247,1.39E-05,0.0060706
Cluster-15354.128524,44.65149067,179.5635822,-2.0077,1.39E-05,0.0060733
Cluster-54316.0,27.383756,0,Inf,1.40E-05,0.0060956
Cluster-47773.1,5.732294256,64.43480949,-3.4907,1.40E-05,0.0061097
Cluster-15354.23955,342.4791125,66.35824588,2.3677,1.42E-05,0.0061502
Cluster-15354.116462,27.10619396,0,Inf,1.44E-05,0.0062023
Cluster-15354.47748,9.898476167,78.76240668,-2.9922,1.43E-05,0.0062023
Cluster-15354.82317,850.3676518,179.3525279,2.2453,1.44E-05,0.0062023
Cluster-15354.62862,1335.600525,544.7394831,1.2939,1.44E-05,0.006207
Cluster-15354.36519,23.04759855,122.0656848,-2.405,1.45E-05,0.0062204
Cluster-15354.65300,1076.459552,427.6462021,1.3318,1.45E-05,0.0062295
Cluster-15354.77031,722.6258978,273.5479047,1.4015,1.46E-05,0.0062295
Cluster-15354.84468,445.0150727,1106.647617,-1.3143,1.46E-05,0.0062295
Cluster-15354.84602,1908.46595,507.3394075,1.9114,1.46E-05,0.0062295
Cluster-15354.80006,667.0615408,247.2545702,1.4318,1.48E-05,0.0062941
Cluster-15354.69607,476.3345496,164.9329243,1.5301,1.50E-05,0.006373
Cluster-15354.83356,297.4142697,89.77499595,1.7281,1.52E-05,0.0064413
Cluster-15354.82467,1441.800797,526.6446251,1.453,1.53E-05,0.0064672
Cluster-15354.78550,1171.563574,471.4970579,1.3131,1.55E-05,0.0065435
Cluster-44076.0,36.22794896,0.907916656,5.3184,1.55E-05,0.0065435
Cluster-15354.47114,1051.706355,417.4683303,1.333,1.56E-05,0.0065546
Cluster-15354.122239,1199.49685,4040.526858,-1.7521,1.57E-05,0.0065643
Cluster-15354.135195,264.5383305,708.7075443,-1.4217,1.59E-05,0.0066597
Cluster-15354.97614,141.5961645,520.6751771,-1.8786,1.61E-05,0.0067044
Cluster-15354.79467,188.6561461,33.34891653,2.5,1.61E-05,0.0067242
Cluster-15354.64428,1.446840873,35.96532569,-4.6356,1.62E-05,0.0067297
Cluster-15354.96298,131.9594901,393.6926458,-1.577,1.64E-05,0.0068256
Cluster-24662.0,117.263059,21.21849831,2.4664,1.66E-05,0.0068766
Cluster-15354.92179,251.2652783,675.8767559,-1.4275,1.67E-05,0.006901
Cluster-50747.2,26.73895454,0,Inf,1.67E-05,0.006901
Cluster-15354.55670,1301.384184,452.9604505,1.5226,1.69E-05,0.0069375
Cluster-15354.75687,1130.671806,452.8029239,1.3202,1.69E-05,0.0069375
Cluster-15354.92431,282.5393327,745.7665513,-1.4003,1.71E-05,0.0069929
Cluster-15354.78416,68.03760681,242.9570188,-1.8363,1.73E-05,0.0070514
Cluster-15354.87066,58.75720329,2.295065998,4.6782,1.72E-05,0.0070514
Cluster-15354.123160,280.4262677,84.52304623,1.7302,1.76E-05,0.0071853
Cluster-15354.106206,273.406497,715.6164501,-1.3881,1.79E-05,0.0072504
Cluster-15354.145370,36.32040282,222.5497926,-2.6153,1.79E-05,0.0072504
Cluster-15354.84719,1773.331469,401.2236093,2.144,1.82E-05,0.0073831
Cluster-15354.74016,272.876222,952.9851966,-1.8042,1.87E-05,0.0075738
Cluster-15354.81339,2619.255448,1121.4208,1.2238,1.90E-05,0.0076794
Cluster-15354.69674,1.273843168,35.24788123,-4.7903,1.92E-05,0.0077509
Cluster-15354.34673,173.1631153,41.47790614,2.0617,1.96E-05,0.00786
Cluster-15354.82310,822.16238,319.7451393,1.3625,1.96E-05,0.0078631
Cluster-15354.64185,520.1542476,190.7489092,1.4473,1.98E-05,0.0079215
Cluster-15354.92260,349.7376746,107.687454,1.6994,1.99E-05,0.0079438
Cluster-15354.137404,69.84006862,250.2926174,-1.8415,2.00E-05,0.0079734
Cluster-15354.32626,0.522082306,26.05308545,-5.641,2.02E-05,0.0080449
Cluster-15354.112971,11.82963445,84.61719031,-2.8385,2.04E-05,0.0081094
Cluster-15354.64627,1431.40191,593.6008588,1.2699,2.05E-05,0.0081094
Cluster-15354.69968,541.7364937,197.0984529,1.4587,2.05E-05,0.0081094
Cluster-15354.82657,1778.048705,748.4355853,1.2483,2.05E-05,0.0081094
Cluster-15354.29450,35.62436008,0.886431524,5.3287,2.06E-05,0.0081204
Cluster-15354.91767,1261.171292,520.2428351,1.2775,2.06E-05,0.0081247
Cluster-15354.21096,0,19.5821245,#NAME?,2.08E-05,0.0081538
Cluster-45263.4,41.84715013,1.714735886,4.6091,2.08E-05,0.0081538
Cluster-15354.64190,516.7844416,174.348367,1.5676,2.09E-05,0.0081886
Cluster-15354.57323,1382.228528,512.1768886,1.4323,2.10E-05,0.0082008
Cluster-15354.82132,4608.862618,1583.868835,1.541,2.10E-05,0.0082024
Cluster-15354.91998,463.9114003,148.7489391,1.641,2.12E-05,0.0082652
Cluster-15354.30500,0,19.35906962,#NAME?,2.13E-05,0.0082715
Cluster-15354.36521,5.830254698,62.2585831,-3.4166,2.13E-05,0.0082715
Cluster-15354.106422,2329.292797,997.2107611,1.2239,2.15E-05,0.008323
Cluster-15354.126587,33.89489788,150.578054,-2.1514,2.16E-05,0.0083257
Cluster-15354.82508,1357.073305,355.0433224,1.9344,2.16E-05,0.0083386
Cluster-15354.63964,1083.321906,425.151272,1.3494,2.17E-05,0.0083515
Cluster-15354.61100,103.3058758,17.22322821,2.5845,2.18E-05,0.0083544
Cluster-15354.88877,824.976236,322.2074096,1.3564,2.19E-05,0.0083991
Cluster-30185.0,25.87904763,0,Inf,2.20E-05,0.008426
Cluster-15354.103987,787.2893339,205.5494649,1.9374,2.24E-05,0.0085566
Cluster-15354.105417,409.7303956,1004.234694,-1.2933,2.27E-05,0.0086419
Cluster-15354.60254,405.2670656,136.3309257,1.5718,2.28E-05,0.0086547
Cluster-33890.2,25.74381482,0,Inf,2.28E-05,0.0086547
Cluster-15354.77172,256.8617572,676.6676853,-1.3975,2.30E-05,0.0087288
Cluster-15354.30654,445.5604807,151.9605188,1.5519,2.31E-05,0.0087384
Cluster-15354.78202,25.74887411,0,Inf,2.37E-05,0.0089531
Cluster-21582.0,0.261041153,23.09120857,-6.4669,2.37E-05,0.0089531
Cluster-15354.139861,0.522082306,40.58741526,-6.2806,2.41E-05,0.0090576
Cluster-15354.68964,0,204.9136314,#NAME?,2.42E-05,0.0090684
Cluster-15354.85128,25.66848663,0,Inf,2.42E-05,0.0090684
Cluster-15354.76827,4.516609515,57.45796784,-3.6692,2.44E-05,0.00914
Cluster-15354.96748,1195.795648,463.1586575,1.3684,2.47E-05,0.0092175
Cluster-15354.100356,1737.418734,628.6078573,1.4667,2.47E-05,0.009225
Cluster-15354.83550,19993.92967,7373.885217,1.4391,2.50E-05,0.0093022
Cluster-15354.19678,72.13154972,250.7923473,-1.7978,2.52E-05,0.0093494
Cluster-15354.76455,105.5393995,12.65458135,3.06,2.53E-05,0.0093763
Cluster-15354.87169,310.5138294,98.22609283,1.6605,2.53E-05,0.0093763
Cluster-15354.23046,36.12331761,153.5228986,-2.0875,2.54E-05,0.0093817
Cluster-15354.83481,34977.48907,11260.14015,1.6352,2.56E-05,0.0094425
Cluster-15354.85115,1993.968506,856.2243065,1.2196,2.57E-05,0.0094511
Cluster-15354.84254,7685.801377,3211.285874,1.259,2.57E-05,0.0094649
Cluster-15354.34482,0,18.85077336,#NAME?,2.60E-05,0.0095334
Cluster-41339.5,25.21181552,0,Inf,2.60E-05,0.0095334
Cluster-41034.3,25.32327467,0,Inf,2.63E-05,0.0096353
Cluster-15354.83775,11022.34113,4478.006623,1.2995,2.68E-05,0.0097975
Cluster-15354.27784,77.87678314,259.0113832,-1.7338,2.71E-05,0.0098921
Cluster-15354.123376,279.4415375,86.94257011,1.6844,2.74E-05,0.0099482
Cluster-15354.82330,1396.286851,513.8616194,1.4421,2.74E-05,0.0099535
Cluster-15354.87195,42.23753664,169.5107085,-2.0048,2.75E-05,0.0099836
Cluster-15354.64803,501.2664734,1209.295063,-1.2705,2.76E-05,0.0099927
Cluster-15354.71177,990.0851744,405.5094844,1.2878,2.81E-05,0.010152
Cluster-15354.85770,195.1696155,49.45173051,1.9806,2.82E-05,0.010152
Cluster-15354.60527,462.6269454,164.871278,1.4885,2.85E-05,0.010241
Cluster-15354.101669,144.4283976,417.5325619,-1.5315,2.90E-05,0.010408
Cluster-15354.124020,37.66655201,1.437698054,4.7115,2.90E-05,0.010408
Cluster-15354.17635,971.683683,123.4339266,2.9767,2.92E-05,0.010419
Cluster-15354.67552,208.422273,56.57568053,1.8813,2.92E-05,0.010419
Cluster-15354.69206,75.79176702,9.428863349,3.0069,2.91E-05,0.010419
Cluster-15354.122486,187.3044675,47.6137021,1.9759,2.93E-05,0.010444
Cluster-15354.84239,3063.840743,1118.856359,1.4533,2.94E-05,0.010463
Cluster-21597.0,0.995430654,30.23258437,-4.9246,2.95E-05,0.010467
Cluster-15354.89066,149.0912308,33.49712843,2.1541,2.95E-05,0.01047
Cluster-15354.7715,221.1148584,60.80555844,1.8625,2.97E-05,0.010499
Cluster-15354.50043,51.30673028,0,Inf,2.99E-05,0.010558
Cluster-15354.105106,539.1903072,200.6161341,1.4264,3.02E-05,0.010617
Cluster-15354.136040,20.04865836,113.8039489,-2.505,3.02E-05,0.010617
Cluster-15354.68666,67.39618601,5.563129155,3.5987,3.02E-05,0.010617
Cluster-15354.40646,950.0757659,391.040181,1.2807,3.03E-05,0.010641
Cluster-15354.40917,1013.873161,385.3399528,1.3957,3.04E-05,0.010662
Cluster-15354.70310,44.74027233,177.1851609,-1.9856,3.05E-05,0.010667
Cluster-15354.92670,488.454281,177.9829818,1.4565,3.06E-05,0.010674
Cluster-15354.88324,295.7328691,92.75452247,1.6728,3.08E-05,0.01073
Cluster-15354.6899,3.530603329,65.80595298,-4.2202,3.09E-05,0.010732
Cluster-15354.98748,359.4597943,887.6253069,-1.3041,3.09E-05,0.010732
Cluster-28746.1,34.01936322,0.907916656,5.2277,3.12E-05,0.0108
Cluster-15354.70947,2104.824182,913.7819595,1.2038,3.15E-05,0.01091
Cluster-15354.97121,391.1343075,115.3906536,1.7611,3.16E-05,0.01091
Cluster-15354.46322,0,18.35005554,#NAME?,3.18E-05,0.010962
Cluster-15354.93173,475.2907882,170.2536126,1.4811,3.21E-05,0.011058
Cluster-15354.7345,4.033836699,51.94007783,-3.6866,3.25E-05,0.011154
Cluster-50747.0,29.86920966,0.428683972,6.1226,3.26E-05,0.011183
Cluster-15354.54096,1251.573818,525.7193214,1.2514,3.28E-05,0.011248
Cluster-15354.105495,9.354455732,72.46449214,-2.9535,3.40E-05,0.011619
Cluster-15354.17634,144.4206059,24.08849999,2.5839,3.44E-05,0.011758
Cluster-15354.105285,52.94852877,194.2460932,-1.8752,3.48E-05,0.011821
Cluster-15354.13676,78.37511411,254.2047561,-1.6975,3.47E-05,0.011821
Cluster-15354.85451,6987.946641,709.3440179,3.3003,3.48E-05,0.011821
Cluster-20937.2,56.79425743,4.946782122,3.5212,3.48E-05,0.011821
Cluster-15354.100020,545.7155967,167.9005043,1.7005,3.54E-05,0.011976
Cluster-15354.55215,23.39802616,123.5150206,-2.4002,3.54E-05,0.011979
Cluster-15354.95978,2052.297558,899.3396128,1.1903,3.55E-05,0.011998
Cluster-39827.0,74.63354658,9.450348481,2.9814,3.59E-05,0.012101
Cluster-15354.84145,7077.804274,3058.535004,1.2105,3.60E-05,0.012127
Cluster-15354.52993,8.60761959,73.10303427,-3.0862,3.68E-05,0.012361
Cluster-15354.64620,469.9057425,169.3295204,1.4725,3.72E-05,0.012477
Cluster-15354.138583,178.1925161,17.07447607,3.3835,3.76E-05,0.01256
Cluster-15354.140242,60.54209268,5.271559533,3.5216,3.76E-05,0.01256
Cluster-15354.119016,84.117169,339.050527,-2.011,3.77E-05,0.012574
Cluster-15354.77501,243.1905313,73.66187925,1.7231,3.80E-05,0.012649
Cluster-15354.137895,0,18.01489055,#NAME?,3.82E-05,0.012674
Cluster-15354.15760,33.56934124,155.4861797,-2.2116,3.82E-05,0.012674
Cluster-15354.68326,586.7709371,224.996744,1.3829,3.84E-05,0.012717
Cluster-15354.104392,632.0218083,228.8028692,1.4659,3.87E-05,0.012737
Cluster-15354.134351,0,17.86324441,#NAME?,3.88E-05,0.012737
Cluster-15354.3746,6.630749518,63.18134025,-3.2523,3.87E-05,0.012737
Cluster-15354.49138,0,17.90683978,#NAME?,3.86E-05,0.012737
Cluster-15354.85152,4395.015342,1738.496249,1.338,3.86E-05,0.012737
Cluster-15354.85335,1328.522954,566.1964942,1.2304,3.87E-05,0.012737
Cluster-15354.63881,137.8845267,30.59743805,2.172,3.92E-05,0.012853
Cluster-15354.81643,420.6263171,149.7914696,1.4896,3.93E-05,0.012853
Cluster-15354.96408,1519.185361,655.9326411,1.2117,3.93E-05,0.012859
Cluster-15354.83366,11918.93767,4901.687313,1.2819,3.96E-05,0.012925
Cluster-15354.137010,43.55142812,172.0348489,-1.9819,3.98E-05,0.012956
Cluster-15354.133278,46.4272683,176.1294801,-1.9236,4.00E-05,0.013
Cluster-15354.69502,3046.381358,1356.254099,1.1675,4.06E-05,0.013181
Cluster-15354.140314,53.84474531,4.453017646,3.596,4.08E-05,0.013232
Cluster-15354.118994,265.5030016,82.67588045,1.6832,4.16E-05,0.013451
Cluster-15354.122556,439.0433615,159.560576,1.4603,4.16E-05,0.013451
Cluster-15354.101542,7.855366202,74.84291337,-3.2521,4.17E-05,0.013452
Cluster-36018.0,80.61298123,268.3424985,-1.735,4.17E-05,0.013452
Cluster-15354.117639,2094.118796,434.744075,2.2681,4.19E-05,0.013466
Cluster-15354.19092,7.44369098,64.06050973,-3.1053,4.21E-05,0.013516
Cluster-15354.119906,36.61746268,1.329647287,4.7834,4.24E-05,0.013594
Cluster-15354.84336,416.9761056,1017.118975,-1.2865,4.24E-05,0.013594
Cluster-15354.80009,2735.441082,1101.094891,1.3128,4.28E-05,0.013666
Cluster-50421.1,73.84247623,9.385267977,2.976,4.28E-05,0.013666
Cluster-15354.97600,136.7108145,16.15265273,3.0813,4.29E-05,0.013667
Cluster-15354.80317,557.9929932,211.5859693,1.399,4.32E-05,0.01376
Cluster-15354.143156,36.29806151,1.351132419,4.7477,4.34E-05,0.013801
Cluster-15354.113780,108.9327553,327.2277304,-1.5869,4.37E-05,0.013873
Cluster-15354.80176,508.6360915,188.5967148,1.4313,4.38E-05,0.013884
Cluster-15354.12386,81.17217841,11.7814314,2.7845,4.40E-05,0.013902
Cluster-15354.13919,205.0728372,546.7133061,-1.4146,4.40E-05,0.013902
Cluster-15354.62884,1905.169522,730.1978173,1.3836,4.42E-05,0.013938
Cluster-15354.57322,567.0376973,189.9787861,1.5776,4.44E-05,0.013964
Cluster-15354.67272,550.3805798,212.5894576,1.3724,4.44E-05,0.013964
Cluster-15354.118953,1.910764752,41.16266736,-4.4291,4.47E-05,0.014025
Cluster-15354.25820,283.1599585,90.15874948,1.6511,4.49E-05,0.014086
Cluster-15354.105371,173.9457233,37.22262273,2.2244,4.51E-05,0.014113
Cluster-15354.96407,1111.805345,417.2262059,1.414,4.52E-05,0.014113
Cluster-13954.7,0,49.07952992,#NAME?,4.59E-05,0.014312
Cluster-15354.44896,181.9938324,41.07797704,2.1475,4.62E-05,0.014385
Cluster-50235.3,46.55336757,3.130948809,3.8942,4.65E-05,0.014473
Cluster-15354.77689,463.6555953,171.2667709,1.4368,4.70E-05,0.014589
Cluster-15354.95038,24.03429886,113.285265,-2.2368,4.70E-05,0.014589
Cluster-15354.17641,194.5782711,45.20527577,2.1058,4.72E-05,0.014626
Cluster-15354.64805,277.2703575,698.0727661,-1.3321,4.75E-05,0.014677
Cluster-15354.86482,282.7893383,73.53452737,1.9432,4.81E-05,0.014852
Cluster-15354.76842,279.5389836,87.67593556,1.6728,4.88E-05,0.015044
Cluster-15354.100236,401.5967056,145.9526999,1.4602,4.94E-05,0.015192
Cluster-15354.17639,81.98111265,12.05846923,2.7652,4.94E-05,0.015192
Cluster-15354.126582,32.19312721,138.1508955,-2.1014,4.95E-05,0.015198
Cluster-15354.80932,10612.7747,3802.284045,1.4809,4.98E-05,0.015236
Cluster-15354.90653,0.636921584,26.16051111,-5.3601,4.98E-05,0.015236
Cluster-15354.91057,277.4708463,88.08509458,1.6554,5.00E-05,0.015238
Cluster-33273.0,23.51405208,0,Inf,5.00E-05,0.015238
Cluster-52735.0,41.28450467,2.244517284,4.2011,5.00E-05,0.015238
Cluster-15354.94777,497.6731013,186.4786079,1.4162,5.04E-05,0.015334
Cluster-15354.101364,326.9048007,791.1036472,-1.275,5.05E-05,0.015343
Cluster-15354.118269,260.9279427,83.55896259,1.6428,5.06E-05,0.01535
Cluster-15354.68570,105.0319568,8.048667349,3.7059,5.17E-05,0.015672
Cluster-15354.38429,335.4933687,116.0991846,1.5309,5.19E-05,0.015678
Cluster-15354.78545,618.6319925,83.68841363,2.886,5.19E-05,0.015678
Cluster-15354.93370,4926.327558,2189.005319,1.1702,5.21E-05,0.015709
Cluster-15354.77852,447.3781439,164.533219,1.4431,5.23E-05,0.015744
Cluster-15354.8816,160.5207627,441.4069358,-1.4593,5.26E-05,0.015824
Cluster-15354.79697,802.1315654,327.0920052,1.2941,5.28E-05,0.015849
Cluster-15354.38046,23.36426849,0,Inf,5.30E-05,0.0159
Cluster-15354.23847,315.3942748,106.2958517,1.5691,5.42E-05,0.016216
Cluster-15354.150045,60.40195807,215.3770072,-1.8342,5.43E-05,0.016219
Cluster-15354.144246,151.0222539,14.13524967,3.4174,5.48E-05,0.016366
Cluster-15354.98152,1114.996849,249.2325455,2.1615,5.51E-05,0.016433
Cluster-15354.102844,1209.39016,526.2663819,1.2004,5.52E-05,0.016436
Cluster-15354.24954,180.4521639,485.3119136,-1.4273,5.55E-05,0.016504
Cluster-51552.1,41.03745476,2.143419858,4.259,5.60E-05,0.016632
Cluster-15354.125452,311.9031614,104.3590797,1.5795,5.63E-05,0.016644
Cluster-15354.137313,103.1656283,17.38534679,2.569,5.62E-05,0.016644
Cluster-15354.89271,4166.251632,1157.685782,1.8475,5.62E-05,0.016644
Cluster-15354.98539,335.4868335,115.0010273,1.5446,5.65E-05,0.016684
Cluster-15689.1,67.26945964,7.998118636,3.0722,5.66E-05,0.016684
Cluster-15354.83327,550.751334,211.136572,1.3832,5.69E-05,0.016745
Cluster-15354.79045,2847.722981,6352.265037,-1.1575,5.70E-05,0.016748
Cluster-15354.64645,0,16.97681288,#NAME?,5.73E-05,0.016822
Cluster-15354.84207,2896.515671,1136.766209,1.3494,5.78E-05,0.016942
Cluster-15354.77377,2697.620669,1219.338236,1.1456,5.83E-05,0.017063
Cluster-30338.1,52.29367628,193.5510676,-1.888,5.86E-05,0.017117
Cluster-15354.90227,26.88475323,0,Inf,5.90E-05,0.017222
Cluster-15354.91156,792.7097255,331.3787908,1.2583,5.97E-05,0.017391
Cluster-15354.86521,3693.049346,1656.643418,1.1565,5.99E-05,0.017426
Cluster-15354.16515,56.7912805,5.318589146,3.4166,6.03E-05,0.017481
Cluster-15354.91443,1428.711268,253.2854409,2.4959,6.02E-05,0.017481
Cluster-54072.7,20.12895651,103.023328,-2.3556,6.04E-05,0.01749
Cluster-15354.66896,615.7084728,241.6338541,1.3494,6.06E-05,0.017499
Cluster-38990.1,22.92411826,0,Inf,6.05E-05,0.017499
Cluster-15354.55579,158.9692235,40.48404895,1.9733,6.11E-05,0.017628
Cluster-15354.56112,288.0745429,96.03626846,1.5848,6.19E-05,0.01784
Cluster-21650.0,45.39738586,3.232046235,3.8121,6.23E-05,0.017927
Cluster-15354.82079,39.5210391,152.1750615,-1.945,6.26E-05,0.017983
Cluster-15354.40680,2244.381548,688.9339903,1.7039,6.36E-05,0.018239
Cluster-15354.84988,2520.404713,1079.741694,1.223,6.38E-05,0.018282
Cluster-15354.85188,1202.087928,386.9512764,1.6353,6.41E-05,0.018329
Cluster-15354.89269,294.507312,73.87508679,1.9951,6.46E-05,0.018462
Cluster-15354.102519,4.211401172,47.46963441,-3.4946,6.48E-05,0.018478
Cluster-15354.83831,384.0698793,138.6997542,1.4694,6.52E-05,0.018559
Cluster-15354.65458,689.9672128,1532.179548,-1.151,6.56E-05,0.01859
Cluster-15354.79944,2736.578056,1238.941738,1.1433,6.56E-05,0.01859
Cluster-15354.81946,5709.358195,2487.252654,1.1988,6.54E-05,0.01859
Cluster-15354.89402,217.2351029,62.54427219,1.7963,6.54E-05,0.01859
Cluster-15354.104176,433.0794404,1030.605927,-1.2508,6.59E-05,0.018637
Cluster-15354.28956,27.52624158,125.1271773,-2.1845,6.62E-05,0.018687
Cluster-15354.45675,45.76825223,3.000787801,3.9309,6.62E-05,0.018687
Cluster-15354.84839,1064.095228,238.3662152,2.1584,6.65E-05,0.018748
Cluster-15354.75998,35.63322447,0.428683972,6.3772,6.67E-05,0.018773
Cluster-47517.0,27.56702865,0.443215762,5.9588,6.69E-05,0.018809
Cluster-15354.68250,64.79884768,7.432945423,3.124,6.72E-05,0.018859
Cluster-15354.83243,2841.441425,1298.26723,1.13,6.77E-05,0.018957
Cluster-15354.51534,0,16.55570736,#NAME?,6.96E-05,0.019465
Cluster-15354.54142,28.69330462,126.6069118,-2.1416,6.97E-05,0.019465
Cluster-15354.113991,0.502181299,41.6159543,-6.3728,6.98E-05,0.019473
Cluster-15354.107205,310.4149717,763.8566089,-1.2991,7.01E-05,0.019538
Cluster-15354.83261,1559.79086,698.2831799,1.1595,7.06E-05,0.01964
Cluster-15354.74857,824.5999306,340.6638722,1.2753,7.12E-05,0.019777
Cluster-15354.140309,122.3855185,27.14523093,2.1727,7.14E-05,0.01978
Cluster-15354.81970,1508.223645,670.2663196,1.17,7.13E-05,0.01978
Cluster-15354.128259,23.96953654,111.6394374,-2.2196,7.15E-05,0.019782
Cluster-15354.118938,672.2526776,275.2126321,1.2885,7.19E-05,0.019877
Cluster-15354.101701,289.977316,96.07125901,1.5938,7.24E-05,0.019998
Cluster-15354.83208,237.5961559,74.06078967,1.6817,7.32E-05,0.020175
Cluster-15354.133097,183.4358592,536.354169,-1.5479,7.34E-05,0.020212
Cluster-15354.82315,1099.748741,477.5774199,1.2034,7.40E-05,0.020338
Cluster-15354.146628,29.68197503,132.1199477,-2.1542,7.46E-05,0.020499
Cluster-15354.129633,580.0200204,231.1509844,1.3273,7.50E-05,0.020567
Cluster-15354.133381,0,42.75450428,#NAME?,7.59E-05,0.020759
Cluster-15354.53568,0,28.54347782,#NAME?,7.59E-05,0.020759
Cluster-15354.140312,39.6679792,2.208500362,4.1668,7.63E-05,0.020842
Cluster-15354.81611,832.6339798,350.0900112,1.25,7.71E-05,0.021028
Cluster-15354.100964,2153.15053,908.0440553,1.2456,7.78E-05,0.021193
Cluster-15354.95580,60.89200597,6.648236433,3.1952,7.81E-05,0.021259
Cluster-15354.25622,46.42050805,327.4233193,-2.8183,7.91E-05,0.021448
Cluster-15354.4850,3.580881884,44.41009434,-3.6325,7.91E-05,0.021448
Cluster-48422.1,2.6525416,71.50579522,-4.7526,7.90E-05,0.021448
Cluster-15354.44567,1412.547757,631.3275794,1.1618,7.95E-05,0.02149
Cluster-15354.77404,2262.927858,1027.105341,1.1396,7.94E-05,0.02149
Cluster-15354.77455,459.9006626,1067.000431,-1.2142,7.99E-05,0.021577
Cluster-17772.2,21.9743994,0,Inf,8.02E-05,0.021632
Cluster-15354.61235,0,16.76008624,#NAME?,8.07E-05,0.021737
Cluster-15354.125576,133.0804158,27.00178835,2.3012,8.16E-05,0.021898
Cluster-19323.1,72.33042576,9.750746768,2.891,8.16E-05,0.021898
Cluster-48373.2,36.86634812,1.866382026,4.304,8.16E-05,0.021898
Cluster-15354.9285,125.3187783,29.23529294,2.0998,8.21E-05,0.021998
Cluster-15354.104975,0,23.2351914,#NAME?,8.24E-05,0.022031
Cluster-15354.137303,21.95013321,0,Inf,8.25E-05,0.022034
Cluster-15354.105984,292.5953835,98.81743563,1.5661,8.28E-05,0.022098
Cluster-15354.143504,199.4685012,54.18633145,1.8802,8.33E-05,0.022196
Cluster-15354.67826,199.6166502,57.95868566,1.7841,8.41E-05,0.022353
Cluster-15354.80046,3.609222309,45.69458733,-3.6623,8.41E-05,0.022353
Cluster-15354.8516,0,16.1624152,#NAME?,8.44E-05,0.022384
Cluster-55406.3,93.28150136,10.89499988,3.0979,8.44E-05,0.022384
Cluster-15354.26417,482.5743737,163.4278768,1.5621,8.47E-05,0.022437
Cluster-16257.2,81.56001296,13.28420996,2.6181,8.60E-05,0.022743
Cluster-15354.94574,1550.748238,707.2090796,1.1328,8.63E-05,0.022784
Cluster-15354.92002,575.2985799,233.1696454,1.3029,8.66E-05,0.022833
Cluster-27479.0,46.36884126,3.530569199,3.7152,8.68E-05,0.022873
Cluster-15354.102448,534.9277548,1207.780994,-1.1749,8.71E-05,0.022907
Cluster-51899.0,21.60850298,106.6121092,-2.3027,8.72E-05,0.022907
Cluster-15354.13540,114.3593486,351.4213717,-1.6196,8.78E-05,0.023028
Cluster-15354.107813,596.1140441,239.8270115,1.3136,8.82E-05,0.023113
Cluster-15354.25179,176.9630194,50.24464305,1.8164,8.93E-05,0.023381
Cluster-30556.0,21.70491883,0,Inf,8.97E-05,0.02344
Cluster-15354.107085,6.531737005,57.47945297,-3.1375,9.04E-05,0.023597
Cluster-15354.120210,165.3765622,560.746548,-1.7616,9.07E-05,0.023661
Cluster-15354.79920,195.6848236,0,Inf,9.10E-05,0.023703
Cluster-15354.92156,944.3248919,410.8876207,1.2005,9.14E-05,0.023763
Cluster-15354.102167,106.3924786,21.98649148,2.2747,9.15E-05,0.023764
Cluster-15354.55179,38.95805747,2.288112656,4.0897,9.18E-05,0.023802
Cluster-15354.126694,399.5257266,149.5953792,1.4172,9.23E-05,0.023889
Cluster-15354.67727,115.6855298,337.3435777,-1.544,9.23E-05,0.023889
Cluster-41532.0,65.88366479,8.730094887,2.9159,9.26E-05,0.023927
Cluster-15354.68051,21.25961997,103.344046,-2.2813,9.38E-05,0.024168
Cluster-15354.85320,634.540616,257.8748859,1.299,9.37E-05,0.024168
Cluster-27644.0,21.5250263,0,Inf,9.39E-05,0.024168
Cluster-15354.82120,2209.753703,1013.614591,1.1244,9.50E-05,0.024442
Cluster-15354.31468,262.8466762,644.6839853,-1.2944,9.69E-05,0.024876
Cluster-15354.124781,720.4700316,1561.347854,-1.1158,9.80E-05,0.025145
Cluster-15354.97607,254.3178542,26.29544144,3.2737,9.82E-05,0.025152
Cluster-15354.14426,21.29154211,0,Inf,9.96E-05,0.025493
Cluster-15354.88040,149.9545848,37.36473794,2.0048,9.99E-05,0.025522
Cluster-15354.138879,351.630418,126.2077468,1.4783,0.00010038,0.025623
Cluster-15354.86066,1868.924133,853.8404831,1.1302,0.00010063,0.02563
Cluster-15354.87317,438.3013166,130.0788754,1.7525,0.00010066,0.02563
Cluster-15354.69967,1406.512091,635.7911544,1.1455,0.00010094,0.025669
Cluster-15354.134759,24.60083929,110.9947368,-2.1737,0.0001016,0.025751
Cluster-15354.80527,2313.602872,875.8832725,1.4013,0.00010153,0.025751
Cluster-15354.88873,1858.251781,846.5721567,1.1342,0.00010176,0.025751
Cluster-20760.1,29.94910463,0.871899734,5.1022,0.00010165,0.025751
Cluster-15354.32172,22.5446338,0,Inf,0.00010196,0.025771
Cluster-15354.123366,0,15.78553016,#NAME?,0.00010231,0.025813
Cluster-15354.6928,162.9348513,535.7466817,-1.7173,0.00010238,0.025813
Cluster-15354.83585,11665.38961,5037.445657,1.2115,0.00010297,0.025856
Cluster-15354.99774,192.4729296,55.3654054,1.7976,0.00010268,0.025856
Cluster-27225.5,0,15.727403,#NAME?,0.00010291,0.025856
Cluster-31925.2,45.41068297,3.732764052,3.6047,0.00010305,0.025856
Cluster-41207.0,9.786457468,68.56648397,-2.8086,0.00010332,0.025892
Cluster-31294.0,0,15.64716559,#NAME?,0.00010375,0.025967
Cluster-15354.120489,0,15.5978671,#NAME?,0.00010426,0.026064
Cluster-20730.0,66.89364622,8.985647587,2.8962,0.00010447,0.026085
Cluster-15354.28591,196.5130787,52.43986184,1.9059,0.00010479,0.026134
Cluster-15354.99541,2442.898273,1142.703776,1.0961,0.00010524,0.026213
Cluster-15354.23672,56.43680043,191.4870362,-1.7625,0.00010601,0.026374
Cluster-15354.98865,45.30477564,3.696747129,3.6153,0.00010718,0.0266
Cluster-49030.0,73.27727881,10.62077118,2.7865,0.00010706,0.0266
Cluster-15354.129562,0,89.03549538,#NAME?,0.00010857,0.026913
Cluster-15354.120346,87.07717998,3.429471773,4.6662,0.00010879,0.026918
Cluster-43816.0,45.32467665,3.581117912,3.6618,0.00010885,0.026918
Cluster-15354.101817,29.89262537,0.95846537,4.9629,0.00010921,0.026942
Cluster-44958.1,29.78116622,0.886431524,5.0702,0.00010915,0.026942
Cluster-15354.79428,3181.903481,1495.867041,1.0889,0.00011015,0.027142
Cluster-15354.105998,1711.460508,797.8889439,1.101,0.00011191,0.027411
Cluster-15354.86252,2517.750762,1173.475773,1.1013,0.00011144,0.027411
Cluster-15354.87579,524.2136483,1185.105319,-1.1768,0.0001119,0.027411
Cluster-16229.0,35.57851372,1.880913817,4.2415,0.00011191,0.027411
Cluster-27304.0,94.77806124,9.0361963,3.3908,0.00011168,0.027411
Cluster-13487.3,65.35918741,8.520946693,2.9393,0.00011209,0.027423
Cluster-15354.90042,428.3058427,146.6531198,1.5462,0.00011266,0.02753
Cluster-15354.114568,721.4766322,304.9189542,1.2425,0.00011432,0.027869
Cluster-15354.21392,15.45320595,87.89016177,-2.5078,0.00011428,0.027869
Cluster-24686.0,33.59806193,0,Inf,0.00011456,0.027896
Cluster-15354.91216,405.7771474,154.5952027,1.3922,0.00011494,0.027955
Cluster-15354.90214,352.7254213,126.5504826,1.4788,0.00011566,0.028097
Cluster-15354.87756,784.5767968,1724.705881,-1.1364,0.00011583,0.028105
Cluster-15354.69551,359.3532151,133.3249132,1.4305,0.00011646,0.02819
Cluster-15354.83543,422.7622395,160.0097264,1.4017,0.0001164,0.02819
Cluster-15354.122772,52.22797415,249.8279242,-2.258,0.00011689,0.028263
Cluster-15354.90814,28.46864012,164.9553509,-2.5346,0.00011726,0.028317
Cluster-15354.74611,914.3295841,401.307196,1.188,0.00011753,0.028351
Cluster-21991.1,20.88120989,0,Inf,0.00011799,0.028428
Cluster-15354.40926,388.5309946,144.4838932,1.4271,0.00011827,0.02843
Cluster-15354.84802,17.62563896,91.16940734,-2.3709,0.00011819,0.02843
Cluster-15354.87320,217.8752482,69.17627892,1.6552,0.00011848,0.028446
Cluster-15354.128706,1499.855602,689.480511,1.1212,0.00011957,0.028609
Cluster-15354.148435,21.00771236,0,Inf,0.00011947,0.028609
Cluster-15354.92612,1621.706303,698.3206479,1.2156,0.00011943,0.028609
Cluster-15354.25740,4.519631688,45.2419178,-3.3234,0.00012069,0.028842
Cluster-15354.82116,231.4157869,74.46041006,1.6359,0.00012105,0.028894
Cluster-15354.82390,1323.790657,599.6869857,1.1424,0.00012136,0.028936
Cluster-15354.42634,115.2458051,354.695524,-1.6219,0.00012192,0.029035
Cluster-15354.44882,208.9310353,557.8516192,-1.4169,0.00012265,0.029175
Cluster-21582.4,0,44.36814274,#NAME?,0.00012279,0.029175
Cluster-15354.88330,1694.668299,751.7767087,1.1726,0.00012379,0.02938
Cluster-15354.86851,123.6781191,603.888672,-2.2877,0.00012549,0.029749
Cluster-15354.69547,31.91303553,0,Inf,0.00012657,0.029935
Cluster-2685.0,0,15.21215339,#NAME?,0.00012655,0.029935
Cluster-15354.99523,1784.949205,716.4959361,1.3169,0.00012693,0.029971
Cluster-36987.0,35.15593645,1.830365103,4.2636,0.00012701,0.029971
Cluster-15354.5974,0,109.4010168,#NAME?,0.00012728,0.03
Cluster-15354.76192,840.515446,366.8397099,1.1961,0.00012777,0.030082
Cluster-15354.123174,20.82502157,0,Inf,0.00012797,0.030095
Cluster-15354.109441,38.03448555,2.143419858,4.1493,0.00012834,0.030147
Cluster-15354.85353,358.9092157,114.2739593,1.6511,0.00012857,0.030166
Cluster-15354.39663,453.0055163,175.077187,1.3715,0.00012901,0.030236
Cluster-15354.46589,222.9139624,71.70416227,1.6364,0.00012965,0.030338
Cluster-15354.80007,713.8821514,298.7237579,1.2569,0.00012989,0.030338
Cluster-15354.85892,46.28592412,166.5907755,-1.8477,0.00012982,0.030338
Cluster-15354.83913,3773.088194,1770.048125,1.092,0.00013061,0.030471
Cluster-15354.129018,34.00514807,0.886431524,5.2616,0.00013114,0.030528
Cluster-49505.0,59.48252681,5.062411339,3.5546,0.00013107,0.030528
Cluster-15354.82764,466.7359321,178.8373709,1.384,0.00013211,0.030706
Cluster-15354.87832,123.7560913,29.28865079,2.0791,0.00013221,0.030706
Cluster-15354.28229,15.73309604,86.60825407,-2.4607,0.000135,0.031285
Cluster-49802.0,20.61629609,0,Inf,0.00013489,0.031285
Cluster-29245.0,20.42727003,0,Inf,0.00013543,0.031349
Cluster-15354.130658,14.90347734,84.67188323,-2.5062,0.000136,0.031445
Cluster-15354.39963,38.77028507,147.8281344,-1.9309,0.00013666,0.031562
Cluster-15354.107485,6.793830229,99.70752524,-3.8754,0.00013698,0.031566
Cluster-15354.83903,9554.855305,4259.492393,1.1656,0.00013684,0.031566
Cluster-15354.114845,557.755322,228.4866118,1.2875,0.00013778,0.031652
Cluster-15354.132837,5.307679866,52.33688909,-3.3017,0.00013756,0.031652
Cluster-15354.76936,10716.81861,4787.429938,1.1626,0.00013797,0.031652
Cluster-15354.81124,636.065699,197.9251058,1.6842,0.00013791,0.031652
Cluster-15354.113352,2.893681745,37.73186051,-3.7048,0.0001387,0.031753
Cluster-15354.81104,825.4221831,285.1968291,1.5332,0.00013872,0.031753
Cluster-15354.101807,442.0057916,172.5651705,1.3569,0.00013889,0.031758
Cluster-15354.105156,360.4629702,135.1732443,1.415,0.00013938,0.031821
Cluster-15354.74001,88.06365583,15.78646397,2.4799,0.00013963,0.031821
Cluster-15354.83769,32775.36177,11470.17942,1.5147,0.00013959,0.031821
Cluster-19810.0,28.91765527,0.857367943,5.0759,0.0001399,0.031847
Cluster-15354.71591,194.1661257,715.6316535,-1.8819,0.00014046,0.031863
Cluster-15354.77761,30.96940624,0,Inf,0.00014039,0.031863
Cluster-15354.84105,1245.818014,2664.425929,-1.0967,0.00014059,0.031863
Cluster-25709.0,60.8951845,7.554902874,3.0108,0.00014047,0.031863
Cluster-15354.124199,5.94460145,94.7802988,-3.9949,0.0001416,0.032058
Cluster-15354.99619,2235.337729,928.5449702,1.2674,0.00014211,0.032127
Cluster-40426.0,72.43888452,11.36727922,2.6719,0.00014222,0.032127
Cluster-15354.100890,468.464655,183.7535305,1.3502,0.00014263,0.032135
Cluster-15354.11504,1077.302782,482.706764,1.1582,0.00014263,0.032135
Cluster-15354.23152,24.75872613,115.5098561,-2.222,0.00014275,0.032135
Cluster-15354.86068,3820.608744,1763.52795,1.1153,0.00014288,0.032135
Cluster-10871.1,60.64764206,7.887258734,2.9429,0.00014309,0.032148
Cluster-34428.0,23.29688719,193.8402835,-3.0567,0.00014382,0.032276
Cluster-15354.25117,15.88901332,86.74318439,-2.4487,0.00014435,0.03236
Cluster-15354.75686,736.3497996,314.2917124,1.2283,0.00014596,0.032686
Cluster-15354.75517,73.48965302,228.2228555,-1.6348,0.00014623,0.032711
Cluster-15354.70450,576.1630329,236.5958219,1.2841,0.00014647,0.032727
Cluster-20517.0,20.28001608,0,Inf,0.00014693,0.032795
Cluster-15354.35594,20.43127725,0,Inf,0.00014797,0.032992
Cluster-15354.81107,4128.899993,1937.146734,1.0918,0.00014847,0.033067
Cluster-15354.19622,312.0505945,110.593079,1.4965,0.00014973,0.033311
Cluster-15354.14891,28.53671554,0.907916656,4.9741,0.00015012,0.033363
Cluster-37200.9,82.82911068,14.18290439,2.546,0.00015061,0.033435
Cluster-15354.74661,908.3055567,403.6474086,1.1701,0.00015179,0.033663
Cluster-15354.83738,1918.330777,894.4469526,1.1008,0.00015231,0.033741
Cluster-15354.104737,48.42341281,4.330435088,3.4831,0.00015286,0.033755
Cluster-15354.5295,145.9612889,39.18128122,1.8973,0.00015285,0.033755
Cluster-17419.0,60.4557284,7.80764644,2.9529,0.0001526,0.033755
Cluster-15354.83912,15966.46272,6595.254245,1.2755,0.00015381,0.033927
Cluster-15354.90927,202.7099915,62.54186431,1.6965,0.00015405,0.033945
Cluster-15354.31002,302.6522184,704.914037,-1.2198,0.00015459,0.03399
Cluster-15354.58458,310.7214353,840.4471035,-1.4355,0.00015452,0.03399
Cluster-15354.60109,9.247563346,65.47476248,-2.8238,0.00015529,0.034107
Cluster-15354.56834,726.1874176,310.1982389,1.2272,0.00015584,0.034192
Cluster-15354.71194,56.86239987,187.2974661,-1.7198,0.00015647,0.034293
Cluster-26709.7,0,14.56674277,#NAME?,0.00015772,0.034531
Cluster-15354.77085,1794.121352,752.3537973,1.2538,0.00015821,0.034569
Cluster-38913.2,49.57082054,4.92529699,3.3312,0.00015823,0.034569
Cluster-15354.89604,2468.886346,1169.055076,1.0785,0.00015846,0.034584
Cluster-44052.0,56.74910519,6.84918107,3.0506,0.0001587,0.034598
Cluster-15354.68746,2.123071947,35.08999172,-4.0468,0.00015889,0.034604
Cluster-55531.0,43.514469,3.747295843,3.5376,0.00015916,0.034626
Cluster-15354.144854,27.64620717,119.3226337,-2.1097,0.00016,0.034771
Cluster-15354.143912,0,66.2207844,#NAME?,0.00016132,0.034986
Cluster-15354.69328,191.7285556,502.7207752,-1.3907,0.00016127,0.034986
Cluster-15354.118765,25.64276518,0,Inf,0.0001627,0.035247
Cluster-15354.146608,8.067673397,63.06633615,-2.9666,0.00016312,0.035302
Cluster-15354.76951,164.0609469,420.1745001,-1.3568,0.00016377,0.035406
Cluster-15354.101369,34.25058637,132.8945778,-1.9561,0.00016548,0.035663
Cluster-15354.110447,76.26397396,13.23843056,2.5263,0.00016535,0.035663
Cluster-15354.58072,83.09937471,242.4432509,-1.5447,0.00016536,0.035663
Cluster-15354.116249,428.1433891,168.156057,1.3483,0.00016643,0.035791
Cluster-15354.128549,158.8427657,45.02933536,1.8187,0.00016635,0.035791
Cluster-15354.77955,477.2358931,180.4830518,1.4028,0.00016715,0.03591
Cluster-15354.108172,62.95264365,8.802128732,2.8383,0.00016836,0.036131
Cluster-15354.30917,24.44704847,0.479232685,5.6728,0.00016909,0.036251
Cluster-15354.104242,560.6694184,156.4119776,1.8418,0.00017006,0.036421
Cluster-15354.53240,1459.408687,564.099093,1.3714,0.00017032,0.036438
Cluster-15354.62013,95.7019247,19.4677455,2.2975,0.00017121,0.036589
Cluster-53099.0,47.33698356,4.547161731,3.3799,0.00017137,0.036589
Cluster-15354.80032,1910.299526,900.8868587,1.0844,0.00017274,0.036843
Cluster-15354.50455,0,67.46287041,#NAME?,0.00017413,0.037101
Cluster-15354.7346,19.69695477,0,Inf,0.00017446,0.037133
Cluster-15354.105307,1387.471959,642.5516476,1.1106,0.00017562,0.037264
Cluster-15354.105989,396.2920256,154.9534195,1.3547,0.00017546,0.037264
Cluster-15354.68977,28.10113209,117.6694592,-2.066,0.0001756,0.037264
Cluster-15354.88678,3517.258986,1608.703773,1.1286,0.00017602,0.03731
Cluster-15354.40636,195.1624526,59.57990257,1.7118,0.00017678,0.037431
Cluster-50399.0,45.27361464,4.089414178,3.4687,0.00017797,0.037647
Cluster-15354.83753,5230.90829,2475.906319,1.0791,0.00017869,0.03776
Cluster-15354.40658,1.506543896,28.36682745,-4.2349,0.00017901,0.037787
Cluster-15354.105373,159.4287152,404.8279102,-1.3444,0.00018132,0.038159
Cluster-15354.46580,57.41237478,228.017458,-1.9897,0.000181,0.038159
Cluster-15354.73805,68.96249995,10.07770821,2.7746,0.00018121,0.038159
Cluster-15354.13660,27.91891151,0.886431524,4.9771,0.00018229,0.038314
Cluster-15354.67280,99.09604155,20.39995642,2.2803,0.00018243,0.038314
Cluster-15354.17713,75.28342965,331.8054839,-2.1399,0.00018359,0.038519
Cluster-45674.0,40.71010669,3.354628793,3.6012,0.00018402,0.038569
Cluster-15354.68707,0,31.98685628,#NAME?,0.00018421,0.03857
Cluster-15354.84728,586.7483049,249.4616736,1.2339,0.00018443,0.038576
Cluster-15354.26926,19.64231104,0,Inf,0.00018496,0.038649
Cluster-15354.16504,0,14.52791672,#NAME?,0.00018561,0.038745
Cluster-15354.82906,14804.91914,6402.579306,1.2094,0.00018631,0.038853
Cluster-15354.67594,223.0449417,535.1622458,-1.2626,0.00018714,0.038953
Cluster-15354.95154,608.3202308,258.5435722,1.2344,0.00018717,0.038953
Cluster-15354.118219,0,14.36869213,#NAME?,0.00018844,0.039175
Cluster-15354.136526,11.87836841,71.7408043,-2.5945,0.00018862,0.039175
Cluster-134.0,0,14.3320501,#NAME?,0.0001891,0.039236
Cluster-15354.85317,1447.530362,679.8532883,1.0903,0.00019074,0.039536
Cluster-15354.112989,0,14.21704599,#NAME?,0.00019118,0.039548
Cluster-15354.62549,1040.571802,451.7382289,1.2038,0.00019117,0.039548
Cluster-15354.29772,26.57448559,0,Inf,0.00019277,0.039757
Cluster-15354.63966,627.4799041,255.0212606,1.299,0.00019256,0.039757
Cluster-15354.96858,1348.507052,626.2108687,1.1066,0.00019276,0.039757
Cluster-15354.100858,65.06714161,205.638693,-1.6601,0.00019476,0.040088
Cluster-15354.33256,623.1478656,263.35182,1.2426,0.0001946,0.040088
Cluster-15354.21124,33.61823155,1.772863049,4.2451,0.00019556,0.040211
Cluster-15354.77850,678.8488883,290.920572,1.2225,0.00019609,0.04028
Cluster-15354.18865,62.39913173,3.102510335,4.33,0.00019829,0.040651
Cluster-15354.81672,186.4515436,24.71656968,2.9153,0.00019816,0.040651
Cluster-15354.80011,684.5553036,296.3486242,1.2079,0.00019925,0.040808
Cluster-15354.133096,5.54087312,49.27570524,-3.1527,0.00019997,0.040856
Cluster-15354.139859,22.02284242,99.82800863,-2.1804,0.00020015,0.040856
Cluster-15354.23,19.33078974,0,Inf,0.0002004,0.040856
Cluster-15354.33812,19.34097535,0,Inf,0.00019987,0.040856
Cluster-15354.82831,3354.983248,1624.753561,1.0461,0.00020048,0.040856
Cluster-15354.97601,3226.476564,371.4586121,3.1187,0.00020195,0.041116
Cluster-15354.64941,573.4251339,241.5344853,1.2474,0.00020233,0.041152
Cluster-15354.57309,19.37030082,0,Inf,0.00020286,0.041219
Cluster-15354.68503,26.91710088,0,Inf,0.00020631,0.041879
Cluster-15354.12830,0,61.10745381,#NAME?,0.00020894,0.042371
Cluster-15354.111650,926.9368091,426.6705037,1.1193,0.0002117,0.042868
Cluster-15354.69586,2075.630687,959.5558035,1.1131,0.00021201,0.042868
Cluster-29902.0,19.38021782,0,Inf,0.0002119,0.042868
Cluster-15354.81352,1810.519014,801.1805299,1.1762,0.00021327,0.04308
Cluster-15354.84829,1351.895768,384.5102439,1.8139,0.00021402,0.043147
Cluster-19116.0,19.16439593,0,Inf,0.00021391,0.043147
Cluster-15354.83966,695.8789769,204.6568749,1.7656,0.00021483,0.043269
Cluster-15354.79033,1312.071005,608.5726935,1.1083,0.0002153,0.04331
Cluster-15354.84306,2597.782438,1044.641885,1.3143,0.00021546,0.04331
Cluster-15354.126771,75.05652704,12.40879113,2.5966,0.00021621,0.04342
Cluster-52916.2,83.01204716,16.30492397,2.348,0.00021661,0.043456
Cluster-15354.64191,200.8925076,65.75883851,1.6112,0.00021714,0.043521
Cluster-15354.2385,188.4236236,466.3746748,-1.3075,0.00021824,0.043699
Cluster-15354.61936,529.8471785,219.8765142,1.2689,0.00021958,0.043882
Cluster-15354.83382,2029.744257,973.6202315,1.0599,0.00021945,0.043882
Cluster-15354.47836,1168.777992,540.4462149,1.1128,0.00022177,0.044276
Cluster-15354.78755,359.2411752,114.0064601,1.6558,0.00022332,0.044543
Cluster-15354.77034,332.942482,125.8514903,1.4036,0.00022476,0.044786
Cluster-15354.48892,29.51161863,114.2513088,-1.9529,0.00022783,0.045355
Cluster-15354.82949,6458.219297,3056.978227,1.079,0.00022857,0.045396
Cluster-15354.86557,155.5084865,43.98016015,1.8221,0.0002287,0.045396
Cluster-15354.95489,1503.273379,714.3462882,1.0734,0.00022858,0.045396
Cluster-15354.68698,127.6028721,33.0946989,1.947,0.00022957,0.045525
Cluster-15354.86251,1246.779959,584.0868727,1.094,0.00023263,0.046087
Cluster-15354.139002,19.08626947,0,Inf,0.00023379,0.046274
Cluster-33783.0,0,60.2222802,#NAME?,0.00023475,0.046419
Cluster-15354.40635,501.3332751,197.4878247,1.344,0.00023508,0.046439
Cluster-15354.87500,442.7626788,178.9309747,1.3071,0.00023657,0.046689
Cluster-15354.106003,178.5643234,54.34569503,1.7162,0.00023761,0.046824
Cluster-17460.5,18.93064313,0,Inf,0.00023771,0.046824
Cluster-15354.88820,1989.342542,952.7969084,1.0621,0.00023989,0.047209
Cluster-43864.0,299.4711465,109.3121051,1.454,0.00024014,0.047213
Cluster-15354.117117,139.9168234,367.8562406,-1.3946,0.0002434,0.047809
Cluster-15354.81995,7175.504693,3397.209996,1.0787,0.00024537,0.04815
Cluster-15354.69263,562.8793942,236.6280033,1.2502,0.00024601,0.04823
Cluster-15354.69187,18.79133607,0,Inf,0.0002464,0.048237
Cluster-15354.83271,1180.607159,486.5462979,1.2789,0.00024652,0.048237
Cluster-15354.127625,291.3357784,95.14804647,1.6144,0.00024679,0.048246
Cluster-15354.105418,149.357219,374.4988203,-1.3262,0.00024818,0.048426
Cluster-15354.32366,22.96116672,0,Inf,0.00024798,0.048426
Cluster-48649.0,23.21251479,0.443215762,5.7107,0.00025079,0.048889
Cluster-15354.87834,175.9515833,55.00095298,1.6776,0.00025312,0.049295
Cluster-15354.127726,1.205700727,30.02695527,-4.6383,0.00025473,0.049561
Cluster-15354.115772,43.52523647,3.930814697,3.469,0.00025521,0.049609
Cluster-15354.100587,268.3154459,83.78715732,1.6791,0.00025602,0.049672
Cluster-15354.70007,1462.590224,702.981926,1.057,0.00025593,0.049672
Cluster-15354.125916,156.1756733,46.29929657,1.7541,0.00025679,0.049743
Cluster-15354.78390,145.5968248,40.99929856,1.8283,0.00025687,0.049743
Cluster-15354.47264,481.3104493,197.1646911,1.2876,0.00025779,0.049828
Cluster-15354.72758,635.8633076,234.2764846,1.4405,0.0002576,0.049828
Cluster-15354.27821,18.59843736,0,Inf,0.00025903,0.049975
Cluster-15354.79785,334.8842291,738.4801432,-1.1409,0.00025885,0.049975